제목, 날짜, 내용
멘토 멘티 업고 튀어 우수 수기 이벤트, 2024.08.28, 내용 없음
dagag, 2024.09.11, dsagag
sdfsdf, 2024.08.28, 내용 없음
우수수기 이벤트, 2024.08.28, 내용 없음
우수수기 이벤트 테스트 1, 2024.08.28, 내용 없음
게시글 테스트, 2024.08.20, 유의사항\n리뷰 EVENT\n황금쌀밥 포토리뷰 작성자 100분께\n네이버페이포인트 5천원을 드려요!\n아래에서 나눔햇반 백미 130g에 대한 리뷰를 살펴보세요.\n유의사항\n\n\n\n\n\n\n\n\n5\n5\nsnik****\n24.08.18\n햇반 오랜만에 구입했어요. 마침 필요한 차였는데 세일도 하고 나눔 햇반이라는 의미도 좋아서 바로 샀습니다. 주문량이 많아서인지 배송이 엄청 빠르진 않았지만 느리지도 않고 급할것도 없어서 배송도 만족합니다. 맛이야 말할 것도 없으니 잘 먹겠습니다!\n2\n1\n2\n3\n4\n5\n5\nwtgy***\n24.08.20\n햇반 백미 130g은 세 가지 장점이 돋보입니다. 첫째, 쌀알이 탱글탱글하고 맛이 고소해 갓 지은 밥처럼 풍미가 뛰어납니다. 둘째, 전자레인지에 1분 30초만 돌리면 간편하게 완성되어 바쁜 아침이나 간편한 식사에 최적입니다. 셋째, 적당한 130g의 포션으로 1인분으로 딱 맞아 낭비 없이 깔끔하게 먹을 수 있습니다. 언제든지 신선한 밥을 즐길 수 있어 만족스럽습니다.\n1\n2\n3\n4\n5\n5\nblue******\n24.08.13\n일단 밥이 정말 맛있어요 햇반 자주먹는데 전자렌지에 조금 오래 돌리면 딱딱해지는데 이 제품은 오래 돌려도 부드럽고 촉촉해요 작은 공기라는데 용기자체가 큰 디자인이라 작게 느껴지지 않아 포만감도 있고 다른것보다 밥맛이 너무 좋아 만족스러워요. 해서 먹은 밥보다 맛있네요.\n1\n2\n3\n4\n5\n5\ntwin****\n24.08.05\n날이 더워 밥을 잘 안먹다보니 이럴땐 햇반 작은사이즈가 딱 좋더라구요. 마침 세일도 하고 적립도 많이 돼서 얼른 구매했어요. 배송은 주말 제외하고 바로 왔구요. 다만 택배 아저씨가 던져놓고 가셔서 그런지 박스가 뜯겨있네요~ 다행히 내용물은 괜찮구요~ 잘 먹을게요~
테스트, 2024.07.29, 테스트
충북, 2024.07.11, 충북
경남, 2024.07.11, 경남
경기, 2024.07.11, 경기
강원, 2024.07.11, 강원
이미지 모바일 테스트, 2024.07.10, 내용 없음
모바일 이미지 테스트111111, 2024.07.10, 내용 없음
테이블 테스트, 2024.07.09,  주제1(교원)\n이름\n출품 주제\n결과\n이ㅇㅇ\n국어수업, EBS 온라인클래스로 우리는 언제나 교실온(ON, 溫)\n대상(300만원)\n임ㅇㅇ\n온라인 클래스를 활용한 창의적 문제해결 글쓰기\n최우수(120만원)\n홍ㅇㅇ\nEBS온라인 클래스를 활용한 사회문제탐구 수업\n최우수(120만원)\n곽ㅇㅇ\n온라인 클래스를 활용한 효율적인 공동 교육과정 수업!\n우수(80만원)\n김ㅇㅇ\n울진중학교 학생들과 함께한 EBS 온라인 클래스 적용 수업 및 분석\n우수(80만원)\n김ㅇㅇ\nEBS 온라인클래스를 활용한 거꾸로 교실 수업 사례\n우수(80만원)\n박ㅇㅇ\n온라인클래스 2배 즐기기\n우수(80만원)\n심ㅇㅇ\n심해수학 온라인클래스 활용\n우수(80만원)\n윤ㅇㅇ\n학생주도형 플랫폼을 활용한 영화음악수업\n우수(80만원)\n윤ㅇㅇ\n인공지능으로 바다 구하기\n우수(80만원)\n정ㅇㅇ\n온라인 클래스로 만나는 메타버스\n우수(80만원)
등록 테스트!, 2024.07.09, 등록 테스트ㅇ등록 테스트ㅇ등록 테스트ㅇ등록 테스트ㅇ등록 테스트ㅇ등록 테스트ㅇ등록 테스트ㅇ등록 테스트ㅇ등록 테스트ㅇ등록 테스트ㅇ등록 테스트ㅇ등록 테스트ㅇ등록 테스트ㅇ등록 테스트ㅇ등록 테스트ㅇ등록 테스트ㅇ등록 테스트ㅇ등록 테스트ㅇ등록 테스트ㅇ등록 테스트ㅇ등록 테스트ㅇ등록 테스트ㅇ등록 테스트ㅇ등록 테스트ㅇ등록 테스트ㅇ등록 테스트ㅇ등록 테스트ㅇ등록 테스트ㅇ등록 테스트ㅇ등록 테스트ㅇ등록 테스트ㅇ등록 테스트ㅇ등록 테스트ㅇ등록 테스트ㅇ등록 테스트ㅇ등록 테스트ㅇ등록 테스트ㅇ등록 테스트ㅇ등록 테스트ㅇ등록 테스트ㅇ등록 테스트ㅇ등록 테스트ㅇ등록 테스트ㅇ등록 테스트ㅇ등록 테스트ㅇ등록 테스트ㅇ등록 테스트ㅇ등록 테스트ㅇ등록 테스트ㅇ등록 테스트ㅇ등록 테스트ㅇ등록 테스트ㅇ등록 테스트ㅇ등록 테스트ㅇ등록 테스트ㅇ등록 테스트ㅇ등록 테스트ㅇ등록 테스트ㅇ등록 테스트ㅇ등록 테스트ㅇ등록 테스트ㅇ등록 테스트ㅇ등록 테스트ㅇ등록 테스트ㅇ등록 테스트ㅇ등록 테스트ㅇ등록 테스트ㅇ등록 테스트ㅇ등록 테스트ㅇ등록 테스트ㅇ등록 테스트ㅇ등록 테스트ㅇ등록 테스트ㅇ등록 테스트ㅇ등록 테스트ㅇ등록 테스트ㅇ등록 테스트ㅇ등록 테스트ㅇ등록 테스트ㅇ등록 테스트ㅇ등록 테스트ㅇ등록 테스트ㅇ등록 테스트ㅇ등록 테스트ㅇ등록 테스트ㅇ등록 테스트ㅇ등록 테스트ㅇ등록 테스트ㅇ등록 테스트ㅇ등록 테스트ㅇ등록 테스트ㅇ등록 테스트ㅇ등록 테스트ㅇ등록 테스트ㅇ등록 테스트ㅇ등록 테스트ㅇ등록 테스트ㅇ등록 테스트ㅇ등록 테스트ㅇ등록 테스트ㅇ등록 테스트ㅇ등록 테스트ㅇ등록 테스트ㅇ등록 테스트ㅇ등록 테스트ㅇ등록 테스트ㅇ등록 테스트ㅇ등록 테스트ㅇ등록 테스트ㅇ등록 테스트ㅇ등록 테스트ㅇ등록 테스트ㅇ등록 테스트ㅇ등록 테스트ㅇ등록 테스트ㅇ등록 테스트ㅇ등록 테스트ㅇ등록 테스트ㅇ등록 테스트ㅇ등록 테스트ㅇ등록 테스트ㅇ등록 테스트ㅇ등록 테스트ㅇ등록 테스트ㅇ등록 테스트ㅇ등록 테스트ㅇ등록 테스트ㅇ등록 테스트ㅇ등록 테스트ㅇ등록 테스트ㅇ등록 테스트ㅇ등록 테스트ㅇ등록 테스트ㅇ등록 테스트ㅇ등록 테스트ㅇ등록 테스트ㅇ등록 테스트ㅇ등록 테스트ㅇ등록 테스트ㅇ등록 테스트ㅇ등록 테스트ㅇ등록 테스트ㅇ등록 테스트ㅇ등록 테스트ㅇ등록 테스트ㅇ등록 테스트ㅇ등록 테스트ㅇ등록 테스트ㅇ등록 테스트ㅇ등록 테스트ㅇ등록 테스트ㅇ등록 테스트ㅇ등록 테스트ㅇ등록 테스트ㅇ등록 테스트ㅇ등록 테스트ㅇ등록 테스트ㅇ등록 테스트ㅇ등록 테스트ㅇ등록 테스트ㅇ등록 테스트ㅇ등록 테스트ㅇ등록 테스트ㅇ등록 테스트ㅇ등록 테스트ㅇ등록 테스트ㅇ등록 테스트ㅇ등록 테스트ㅇ등록 테스트ㅇ등록 테스트ㅇ등록 테스트ㅇ등록 테스트ㅇ등록 테스트ㅇ등록 테스트ㅇ등록 테스트ㅇ등록 테스트ㅇ등록 테스트ㅇ등록 테스트ㅇ등록 테스트ㅇ등록 테스트ㅇ등록 테스트ㅇ등록 테스트ㅇ등록 테스트ㅇ등록 테스트ㅇ등록 테스트ㅇ등록 테스트ㅇ등록 테스트ㅇ등록 테스트ㅇ등록 테스트ㅇ등록 테스트ㅇ등록 테스트ㅇ등록 테스트ㅇ등록 테스트ㅇ등록 테스트ㅇ등록 테스트ㅇ등록 테스트ㅇ등록 테스트ㅇ등록 테스트ㅇ등록 테스트ㅇ등록 테스트ㅇ등록 테스트ㅇ등록 테스트ㅇ등록 테스트ㅇ등록 테스트ㅇ등록 테스트ㅇ등록 테스트ㅇ등록 테스트ㅇ등록 테스트ㅇ등록 테스트ㅇ등록 테스트ㅇ등록 테스트ㅇ등록 테스트ㅇ등록 테스트ㅇ등록 테스트ㅇ등록 테스트ㅇ등록 테스트ㅇ등록 테스트ㅇ등록 테스트ㅇ등록 테스트ㅇ등록 테스트ㅇ등록 테스트ㅇ등록 테스트ㅇ등록 테스트ㅇ등록 테스트ㅇ등록 테스트ㅇ등록 테스트ㅇ등록 테스트ㅇ등록 테스트ㅇ등록 테스트ㅇ등록 테스트ㅇ등록 테스트ㅇ등록 테스트ㅇ등록 테스트ㅇ등록 테스트ㅇ등록 테스트ㅇ등록 테스트ㅇ등록 테스트ㅇ등록 테스트ㅇ등록 테스트ㅇ등록 테스트ㅇ등록 테스트ㅇ등록 테스트ㅇ등록 테스트ㅇ등록 테스트ㅇ등록 테스트ㅇ등록 테스트ㅇ등록 테스트ㅇ등록 테스트ㅇ등록 테스트ㅇ등록 테스트ㅇ등록 테스트ㅇ등록 테스트ㅇ등록 테스트ㅇ등록 테스트ㅇ등록 테스트ㅇ등록 테스트ㅇ등록 테스트ㅇ등록 테스트ㅇ등록 테스트ㅇ등록 테스트ㅇ등록 테스트ㅇ등록 테스트ㅇ등록 테스트ㅇ등록 테스트ㅇ등록 테스트ㅇ등록 테스트ㅇ등록 테스트ㅇ등록 테스트ㅇ등록 테스트ㅇ등록 테스트ㅇ등록 테스트ㅇ등록 테스트ㅇ등록 테스트ㅇ등록 테스트ㅇ등록 테스트ㅇ등록 테스트ㅇ등록 테스트ㅇ등록 테스트ㅇ등록 테스트ㅇ등록 테스트ㅇ등록 테스트ㅇ등록 테스트ㅇ등록 테스트ㅇ등록 테스트ㅇ등록 테스트ㅇ등록 테스트ㅇ등록 테스트ㅇ등록 테스트ㅇ등록 테스트ㅇ등록 테스트ㅇ등록 테스트ㅇ등록 테스트ㅇ등록 테스트ㅇ등록 테스트ㅇ등록 테스트ㅇ등록 테스트ㅇ등록 테스트ㅇ등록 테스트ㅇ등록 테스트ㅇ등록 테스트ㅇ등록 테스트ㅇ등록 테스트ㅇ등록 테스트ㅇ등록 테스트ㅇ등록 테스트ㅇ등록 테스트ㅇ등록 테스트ㅇ등록 테스트ㅇ등록 테스트ㅇ등록 테스트ㅇ등록 테스트ㅇ등록 테스트ㅇ등록 테스트ㅇ등록 테스트ㅇ등록 테스트ㅇ등록 테스트ㅇ등록 테스트ㅇ등록 테스트ㅇ등록 테스트ㅇ등록 테스트ㅇ등록 테스트ㅇ등록 테스트ㅇ등록 테스트ㅇ등록 테스트ㅇ등록 테스트ㅇ등록 테스트ㅇ등록 테스트ㅇ등록 테스트ㅇ등록 테스트ㅇ등록 테스트ㅇ등록 테스트ㅇ등록 테스트ㅇ등록 테스트ㅇ등록 테스트ㅇ등록 테스트ㅇ등록 테스트ㅇ등록 테스트ㅇ등록 테스트ㅇ등록 테스트ㅇ등록 테스트ㅇ등록 테스트ㅇ등록 테스트ㅇ등록 테스트ㅇ등록 테스트ㅇ등록 테스트ㅇ등록 테스트ㅇ등록 테스트ㅇ등록 테스트ㅇ등록 테스트ㅇ등록 테스트ㅇ등록 테스트ㅇ등록 테스트ㅇ등록 테스트ㅇ등록 테스트ㅇ등록 테스트ㅇ등록 테스트ㅇ등록 테스트ㅇ등록 테스트ㅇ등록 테스트ㅇ등록 테스트ㅇ등록 테스트ㅇ등록 테스트ㅇ등록 테스트ㅇ등록 테스트ㅇ등록 테스트ㅇ등록 테스트ㅇ등록 테스트ㅇ등록 테스트ㅇ등록 테스트ㅇ등록 테스트ㅇ등록 테스트ㅇ등록 테스트ㅇ등록 테스트ㅇ등록 테스트ㅇ등록 테스트ㅇ등록 테스트ㅇ등록 테스트ㅇ등록 테스트ㅇ등록 테스트ㅇ등록 테스트ㅇ등록 테스트ㅇ등록 테스트ㅇ등록 테스트ㅇ등록 테스트ㅇ등록 테스트ㅇ등록 테스트ㅇ등록 테스트ㅇ등록 테스트ㅇ등록 테스트ㅇ등록 테스트ㅇ등록 테스트ㅇ등록 테스트ㅇ등록 테스트ㅇ등록 테스트ㅇ등록 테스트ㅇ등록 테스트ㅇ등록 테스트ㅇ등록 테스트ㅇ등록 테스트ㅇ등록 테스트ㅇ등록 테스트ㅇ등록 테스트ㅇ등록 테스트ㅇ등록 테스트ㅇ등록 테스트ㅇ등록 테스트ㅇ등록 테스트ㅇ등록 테스트ㅇ등록 테스트ㅇ등록 테스트ㅇ등록 테스트ㅇ등록 테스트ㅇ등록 테스트ㅇ등록 테스트ㅇ등록 테스트ㅇ등록 테스트ㅇ등록 테스트ㅇ등록 테스트ㅇ등록 테스트ㅇ등록 테스트ㅇ등록 테스트ㅇ등록 테스트ㅇ등록 테스트ㅇ등록 테스트ㅇ등록 테스트ㅇ등록 테스트ㅇ등록 테스트ㅇ등록 테스트ㅇ등록 테스트ㅇ등록 테스트ㅇ등록 테스트ㅇ등록 테스트ㅇ등록 테스트ㅇ등록 테스트ㅇ등록 테스트ㅇ등록 테스트ㅇ등록 테스트ㅇ등록 테스트ㅇ등록 테스트ㅇ등록 테스트ㅇ등록 테스트ㅇ등록 테스트ㅇ등록 테스트ㅇ등록 테스트ㅇ등록 테스트ㅇ등록 테스트ㅇ등록 테스트ㅇ등록 테스트ㅇ등록 테스트ㅇ등록 테스트ㅇ등록 테스트ㅇ등록 테스트ㅇ등록 테스트ㅇ등록 테스트ㅇ등록 테스트ㅇ등록 테스트ㅇ등록 테스트ㅇ등록 테스트ㅇ등록 테스트ㅇ등록 테스트ㅇ등록 테스트ㅇ등록 테스트ㅇ등록 테스트ㅇ등록 테스트ㅇ등록 테스트ㅇ등록 테스트ㅇ등록 테스트ㅇ등록 테스트ㅇ등록 테스트ㅇ등록 테스트ㅇ등록 테스트ㅇ등록 테스트ㅇ등록 테스트ㅇ등록 테스트ㅇ등록 테스트ㅇ등록 테스트ㅇ등록 테스트ㅇ등록 테스트ㅇ등록 테스트ㅇ등록 테스트ㅇ등록 테스트ㅇ등록 테스트ㅇ등록 테스트ㅇ등록 테스트ㅇ등록 테스트ㅇ등록 테스트ㅇ등록 테스트ㅇ등록 테스트ㅇ등록 테스트ㅇ등록 테스트ㅇ등록 테스트ㅇ등록 테스트ㅇ등록 테스트ㅇ등록 테스트ㅇ등록 테스트ㅇ등록 테스트ㅇ등록 테스트ㅇ등록 테스트ㅇ등록 테스트ㅇ등록 테스트ㅇ등록 테스트ㅇ등록 테스트ㅇ등록 테스트ㅇ등록 테스트ㅇ등록 테스트ㅇ등록 테스트ㅇ등록 테스트ㅇ등록 테스트ㅇ등록 테스트ㅇ등록 테스트ㅇ등록 테스트ㅇ등록 테스트ㅇ등록 테스트ㅇ등록 테스트ㅇ등록 테스트ㅇ등록 테스트ㅇ등록 테스트ㅇ등록 테스트ㅇ등록 테스트ㅇ등록 테스트ㅇ등록 테스트ㅇ등록 테스트ㅇ등록 테스트ㅇ등록 테스트ㅇ등록 테스트ㅇ등록 테스트ㅇ등록 테스트ㅇ등록 테스트ㅇ등록 테스트ㅇ등록 테스트ㅇ등록 테스트ㅇ등록 테스트ㅇ등록 테스트ㅇ등록 테스트ㅇ등록 테스트ㅇ등록 테스트ㅇ등록 테스트ㅇ등록 테스트ㅇ등록 테스트ㅇ등록 테스트ㅇ등록 테스트ㅇ등록 테스트ㅇ등록 테스트ㅇ등록 테스트ㅇ등록 테스트ㅇ등록 테스트ㅇ등록 테스트ㅇ등록 테스트ㅇ등록 테스트ㅇ등록 테스트ㅇ등록 테스트ㅇ등록 테스트ㅇ등록 테스트ㅇ등록 테스트ㅇ등록 테스트ㅇ등록 테스트ㅇ등록 테스트ㅇ등록 테스트ㅇ등록 테스트ㅇ등록 테스트ㅇ등록 테스트ㅇ등록 테스트ㅇ등록 테스트ㅇ등록 테스트ㅇ등록 테스트ㅇ등록 테스트ㅇ등록 테스트ㅇ등록 테스트ㅇ등록 테스트ㅇ등록 테스트ㅇ등록 테스트ㅇ등록 테스트ㅇ등록 테스트ㅇ등록 테스트ㅇ등록 테스트ㅇ등록 테스트ㅇ등록 테스트ㅇ등록 테스트ㅇ등록 테스트ㅇ등록 테스트ㅇ등록 테스트ㅇ등록 테스트ㅇ등록 테스트ㅇ등록 테스트ㅇ등록 테스트ㅇ등록 테스트ㅇ등록 테스트ㅇ등록 테스트ㅇ등록 테스트ㅇ등록 테스트ㅇ등록 테스트ㅇ등록 테스트ㅇ등록 테스트ㅇ등록 테스트ㅇ등록 테스트ㅇ등록 테스트ㅇ등록 테스트ㅇ등록 테스트ㅇ등록 테스트ㅇ등록 테스트ㅇ등록 테스트ㅇ등록 테스트ㅇ등록 테스트ㅇ등록 테스트ㅇ등록 테스트ㅇ등록 테스트ㅇ등록 테스트ㅇ등록 테스트ㅇ등록 테스트ㅇ등록 테스트ㅇ등록 테스트ㅇ등록 테스트ㅇ등록 테스트ㅇ등록 테스트ㅇ등록 테스트ㅇ등록 테스트ㅇ등록 테스트ㅇ등록 테스트ㅇ등록 테스트ㅇ등록 테스트ㅇ등록 테스트ㅇ등록 테스트ㅇ등록 테스트ㅇ등록 테스트ㅇ등록 테스트ㅇ등록 테스트ㅇ등록 테스트ㅇ등록 테스트ㅇ등록 테스트ㅇ등록 테스트ㅇ등록 테스트ㅇ등록 테스트ㅇ등록 테스트ㅇ등록 테스트ㅇ등록 테스트ㅇ등록 테스트ㅇ등록 테스트ㅇ등록 테스트ㅇ등록 테스트ㅇ등록 테스트ㅇ등록 테스트ㅇ등록 테스트ㅇ등록 테스트ㅇ등록 테스트ㅇ등록 테스트ㅇ등록 테스트ㅇ등록 테스트ㅇ등록 테스트ㅇ등록 테스트ㅇ등록 테스트ㅇ등록 테스트ㅇ등록 테스트ㅇ등록 테스트ㅇ등록 테스트ㅇ등록 테스트ㅇ등록 테스트ㅇ등록 테스트ㅇ등록 테스트ㅇ등록 테스트ㅇ등록 테스트ㅇ등록 테스트ㅇ등록 테스트ㅇ등록 테스트ㅇ등록 테스트ㅇ등록 테스트ㅇ등록 테스트ㅇ등록 테스트ㅇ등록 테스트ㅇ등록 테스트ㅇ등록 테스트ㅇ등록 테스트ㅇ등록 테스트ㅇ등록 테스트ㅇ등록 테스트ㅇ등록 테스트ㅇ등록 테스트ㅇ등록 테스트ㅇ등록 테스트ㅇ등록 테스트ㅇ등록 테스트ㅇ등록 테스트ㅇ등록 테스트ㅇ등록 테스트ㅇ등록 테스트ㅇ등록 테스트ㅇ등록 테스트ㅇ등록 테스트ㅇ등록 테스트ㅇ등록 테스트ㅇ등록 테스트ㅇ등록 테스트ㅇ등록 테스트ㅇ등록 테스트ㅇ등록 테스트ㅇ등록 테스트ㅇ등록 테스트ㅇ등록 테스트ㅇ등록 테스트ㅇ등록 테스트ㅇ등록 테스트ㅇ등록 테스트ㅇ등록 테스트ㅇ등록 테스트ㅇ등록 테스트ㅇ등록 테스트ㅇ등록 테스트ㅇ등록 테스트ㅇ등록 테스트ㅇ등록 테스트ㅇ등록 테스트ㅇ등록 테스트ㅇ등록 테스트ㅇ등록 테스트ㅇ등록 테스트ㅇ등록 테스트ㅇ등록 테스트ㅇ등록 테스트ㅇ등록 테스트ㅇ등록 테스트ㅇ등록 테스트ㅇ등록 테스트ㅇ등록 테스트ㅇ등록 테스트ㅇ등록 테스트ㅇ등록 테스트ㅇ등록 테스트ㅇ등록 테스트ㅇ등록 테스트ㅇ등록 테스트ㅇ등록 테스트ㅇ등록 테스트ㅇ등록 테스트ㅇ등록 테스트ㅇ등록 테스트ㅇ등록 테스트ㅇ등록 테스트ㅇ등록 테스트ㅇ등록 테스트ㅇ등록 테스트ㅇ등록 테스트ㅇ등록 테스트ㅇ등록 테스트ㅇ등록 테스트ㅇ등록 테스트ㅇ등록 테스트ㅇ등록 테스트ㅇ등록 테스트ㅇ등록 테스트ㅇ등록 테스트ㅇ등록 테스트ㅇ등록 테스트ㅇ등록 테스트ㅇ등록 테스트ㅇ등록 테스트ㅇ등록 테스트ㅇ등록 테스트ㅇ등록 테스트ㅇ등록 테스트ㅇ등록 테스트ㅇ등록 테스트ㅇ등록 테스트ㅇ등록 테스트ㅇ등록 테스트ㅇ등록 테스트ㅇ등록 테스트ㅇ등록 테스트ㅇ등록 테스트ㅇ등록 테스트ㅇ등록 테스트ㅇ등록 테스트ㅇ등록 테스트ㅇ등록 테스트ㅇ등록 테스트ㅇ등록 테스트ㅇ등록 테스트ㅇ등록 테스트ㅇ등록 테스트ㅇ등록 테스트ㅇ등록 테스트ㅇ등록 테스트ㅇ등록 테스트ㅇ등록 테스트ㅇ등록 테스트ㅇ등록 테스트ㅇ등록 테스트ㅇ등록 테스트ㅇ등록 테스트ㅇ등록 테스트ㅇ등록 테스트ㅇ등록 테스트ㅇ등록 테스트ㅇ등록 테스트ㅇ등록 테스트ㅇ등록 테스트ㅇ등록 테스트ㅇ등록 테스트ㅇ등록 테스트ㅇ등록 테스트ㅇ등록 테스트ㅇ등록 테스트ㅇ등록 테스트ㅇ등록 테스트ㅇ등록 테스트ㅇ등록 테스트ㅇ등록 테스트ㅇ등록 테스트ㅇ등록 테스트ㅇ등록 테스트ㅇ등록 테스트ㅇ등록 테스트ㅇ등록 테스트ㅇ등록 테스트ㅇ등록 테스트ㅇ등록 테스트ㅇ등록 테스트ㅇ등록 테스트ㅇ등록 테스트ㅇ등록 테스트ㅇ등록 테스트ㅇ등록 테스트ㅇ등록 테스트ㅇ등록 테스트ㅇ등록 테스트ㅇ등록 테스트ㅇ등록 테스트ㅇ등록 테스트ㅇ등록 테스트ㅇ등록 테스트ㅇ등록 테스트ㅇ등록 테스트ㅇ등록 테스트ㅇ등록 테스트ㅇ등록 테스트ㅇ등록 테스트ㅇ등록 테스트ㅇ등록 테스트ㅇ등록 테스트ㅇ등록 테스트ㅇ등록 테스트ㅇ등록 테스트ㅇ등록 테스트ㅇ등록 테스트ㅇ등록 테스트ㅇ등록 테스트ㅇ등록 테스트ㅇ등록 테스트ㅇ등록 테스트ㅇ등록 테스트ㅇ등록 테스트ㅇ등록 테스트ㅇ등록 테스트ㅇ등록 테스트ㅇ등록 테스트ㅇ등록 테스트ㅇ등록 테스트ㅇ등록 테스트ㅇ등록 테스트ㅇ등록 테스트ㅇ등록 테스트ㅇ등록 테스트ㅇ등록 테스트ㅇ등록 테스트ㅇ등록 테스트ㅇ등록 테스트ㅇ등록 테스트ㅇ등록 테스트ㅇ등록 테스트ㅇ등록 테스트ㅇ등록 테스트ㅇ등록 테스트ㅇ등록 테스트ㅇ등록 테스트ㅇ등록 테스트ㅇ등록 테스트ㅇ등록 테스트ㅇ등록 테스트ㅇ등록 테스트ㅇ등록 테스트ㅇ등록 테스트ㅇ등록 테스트ㅇ등록 테스트ㅇ등록 테스트ㅇ등록 테스트ㅇ등록 테스트ㅇ등록 테스트ㅇ등록 테스트ㅇ등록 테스트ㅇ등록 테스트ㅇ등록 테스트ㅇ등록 테스트ㅇ등록 테스트ㅇ등록 테스트ㅇ등록 테스트ㅇ등록 테스트ㅇ등록 테스트ㅇ등록 테스트ㅇ등록 테스트ㅇ등록 테스트ㅇ등록 테스트ㅇ등록 테스트ㅇ등록 테스트ㅇ등록 테스트ㅇ등록 테스트ㅇ등록 테스트ㅇ등록 테스트ㅇ등록 테스트ㅇ등록 테스트ㅇ등록 테스트ㅇ등록 테스트ㅇ등록 테스트ㅇ등록 테스트ㅇ등록 테스트ㅇ등록 테스트ㅇ등록 테스트ㅇ등록 테스트ㅇ등록 테스트ㅇ등록 테스트ㅇ등록 테스트ㅇ등록 테스트ㅇ등록 테스트ㅇ등록 테스트ㅇ등록 테스트ㅇ등록 테스트ㅇ등록 테스트ㅇ등록 테스트ㅇ등록 테스트ㅇ등록 테스트ㅇ등록 테스트ㅇ등록 테스트ㅇ등록 테스트ㅇ등록 테스트ㅇ등록 테스트ㅇ등록 테스트ㅇ등록 테스트ㅇ등록 테스트ㅇ등록 테스트ㅇ등록 테스트ㅇ등록 테스트ㅇ등록 테스트ㅇ등록 테스트ㅇ등록 테스트ㅇ등록 테스트ㅇ등록 테스트ㅇ등록 테스트ㅇ등록 테스트ㅇ등록 테스트ㅇ등록 테스트ㅇ등록 테스트ㅇ등록 테스트ㅇ등록 테스트ㅇ등록 테스트ㅇ등록 테스트ㅇ등록 테스트ㅇ등록 테스트ㅇ등록 테스트ㅇ등록 테스트ㅇ등록 테스트ㅇ등록 테스트ㅇ등록 테스트ㅇ등록 테스트ㅇ등록 테스트ㅇ등록 테스트ㅇ등록 테스트ㅇ등록 테스트ㅇ등록 테스트ㅇ등록 테스트ㅇ등록 테스트ㅇ등록 테스트ㅇ등록 테스트ㅇ등록 테스트ㅇ등록 테스트ㅇ등록 테스트ㅇ등록 테스트ㅇ등록 테스트ㅇ등록 테스트ㅇ등록 테스트ㅇ등록 테스트ㅇ등록 테스트ㅇ등록 테스트ㅇ등록 테스트ㅇ등록 테스트ㅇ등록 테스트ㅇ등록 테스트ㅇ등록 테스트ㅇ등록 테스트ㅇ등록 테스트ㅇ등록 테스트ㅇ등록 테스트ㅇ등록 테스트ㅇ등록 테스트ㅇ등록 테스트ㅇ등록 테스트ㅇ등록 테스트ㅇ등록 테스트ㅇ등록 테스트ㅇ등록 테스트ㅇ등록 테스트ㅇ등록 테스트ㅇ등록 테스트ㅇ등록 테스트ㅇ등록 테스트ㅇ등록 테스트ㅇ등록 테스트ㅇ등록 테스트ㅇ등록 테스트ㅇ등록 테스트ㅇ등록 테스트ㅇ등록 테스트ㅇ등록 테스트ㅇ등록 테스트ㅇ등록 테스트ㅇ등록 테스트ㅇ등록 테스트ㅇ등록 테스트ㅇ등록 테스트ㅇ등록 테스트ㅇ등록 테스트ㅇ등록 테스트ㅇ등록 테스트ㅇ등록 테스트ㅇ등록 테스트ㅇ등록 테스트ㅇ등록 테스트ㅇ등록 테스트ㅇ등록 테스트ㅇ등록 테스트ㅇ등록 테스트ㅇ등록 테스트ㅇ등록 테스트ㅇ등록 테스트ㅇ등록 테스트ㅇ등록 테스트ㅇ등록 테스트ㅇ등록 테스트ㅇ등록 테스트ㅇ등록 테스트ㅇ등록 테스트ㅇ등록 테스트ㅇ등록 테스트ㅇ등록 테스트ㅇ등록 테스트ㅇ등록 테스트ㅇ등록 테스트ㅇ등록 테스트ㅇ등록 테스트ㅇ등록 테스트ㅇ등록 테스트ㅇ등록 테스트ㅇ등록 테스트ㅇ등록 테스트ㅇ등록 테스트ㅇ등록 테스트ㅇ등록 테스트ㅇ등록 테스트ㅇ등록 테스트ㅇ등록 테스트ㅇ등록 테스트ㅇ등록 테스트ㅇ등록 테스트ㅇ등록 테스트ㅇ등록 테스트ㅇ등록 테스트ㅇ등록 테스트ㅇ등록 테스트ㅇ등록 테스트ㅇ등록 테스트ㅇ등록 테스트ㅇ등록 테스트ㅇ등록 테스트ㅇ등록 테스트ㅇ등록 테스트ㅇ등록 테스트ㅇ등록 테스트ㅇ등록 테스트ㅇ등록 테스트ㅇ등록 테스트ㅇ등록 테스트ㅇ등록 테스트ㅇ등록 테스트ㅇ등록 테스트ㅇ등록 테스트ㅇ등록 테스트ㅇ등록 테스트ㅇ등록 테스트ㅇ등록 테스트ㅇ등록 테스트ㅇ등록 테스트ㅇ등록 테스트ㅇ등록 테스트ㅇ등록 테스트ㅇ등록 테스트ㅇ등록 테스트ㅇ등록 테스트ㅇ등록 테스트ㅇ등록 테스트ㅇ등록 테스트ㅇ등록 테스트ㅇ등록 테스트ㅇ등록 테스트ㅇ등록 테스트ㅇ등록 테스트ㅇ등록 테스트ㅇ등록 테스트ㅇ등록 테스트ㅇ등록 테스트ㅇ등록 테스트ㅇ등록 테스트ㅇ등록 테스트ㅇ등록 테스트ㅇ등록 테스트ㅇ등록 테스트ㅇ등록 테스트ㅇ등록 테스트ㅇ등록 테스트ㅇ등록 테스트ㅇ등록 테스트ㅇ등록 테스트ㅇ등록 테스트ㅇ등록 테스트ㅇ등록 테스트ㅇ등록 테스트ㅇ등록 테스트ㅇ등록 테스트ㅇ등록 테스트ㅇ등록 테스트ㅇ등록 테스트ㅇ등록 테스트ㅇ등록 테스트ㅇ등록 테스트ㅇ등록 테스트ㅇ등록 테스트ㅇ등록 테스트ㅇ등록 테스트ㅇ등록 테스트ㅇ등록 테스트ㅇ등록 테스트ㅇ등록 테스트ㅇ등록 테스트ㅇ등록 테스트ㅇ등록 테스트ㅇ등록 테스트ㅇ등록 테스트ㅇ등록 테스트ㅇ등록 테스트ㅇ등록 테스트ㅇ등록 테스트ㅇ등록 테스트ㅇ등록 테스트ㅇ등록 테스트ㅇ등록 테스트ㅇ등록 테스트ㅇ등록 테스트ㅇ등록 테스트ㅇ등록 테스트ㅇ등록 테스트ㅇ등록 테스트ㅇ등록 테스트ㅇ등록 테스트ㅇ등록 테스트ㅇ등록 테스트ㅇ등록 테스트ㅇ등록 테스트ㅇ등록 테스트ㅇ등록 테스트ㅇ등록 테스트ㅇ등록 테스트ㅇ등록 테스트ㅇ등록 테스트ㅇ등록 테스트ㅇ등록 테스트ㅇ등록 테스트ㅇ등록 테스트ㅇ등록 테스트ㅇ등록 테스트ㅇ등록 테스트ㅇ등록 테스트ㅇ등록 테스트ㅇ등록 테스트ㅇ등록 테스트ㅇ등록 테스트ㅇ등록 테스트ㅇ등록 테스트ㅇ등록 테스트ㅇ등록 테스트ㅇ등록 테스트ㅇ등록 테스트ㅇ등록 테스트ㅇ등록 테스트ㅇ등록 테스트ㅇ등록 테스트ㅇ등록 테스트ㅇ등록 테스트ㅇ등록 테스트ㅇ등록 테스트ㅇ등록 테스트ㅇ등록 테스트ㅇ등록 테스트ㅇ등록 테스트ㅇ등록 테스트ㅇ등록 테스트ㅇ등록 테스트ㅇ등록 테스트ㅇ등록 테스트ㅇ등록 테스트ㅇ등록 테스트ㅇ등록 테스트ㅇ등록 테스트ㅇ등록 테스트ㅇ등록 테스트ㅇ등록 테스트ㅇ등록 테스트ㅇ등록 테스트ㅇ등록 테스트ㅇ등록 테스트ㅇ등록 테스트ㅇ등록 테스트ㅇ등록 테스트ㅇ등록 테스트ㅇ등록 테스트ㅇ등록 테스트ㅇ등록 테스트ㅇ등록 테스트ㅇ등록 테스트ㅇ등록 테스트ㅇ등록 테스트ㅇ등록 테스트ㅇ등록 테스트ㅇ등록 테스트ㅇ등록 테스트ㅇ등록 테스트ㅇ등록 테스트ㅇ등록 테스트ㅇ등록 테스트ㅇ등록 테스트ㅇ등록 테스트ㅇ등록 테스트ㅇ등록 테스트ㅇ등록 테스트ㅇ등록 테스트ㅇ등록 테스트ㅇ등록 테스트ㅇ등록 테스트ㅇ등록 테스트ㅇ등록 테스트ㅇ등록 테스트ㅇ등록 테스트ㅇ등록 테스트ㅇ등록 테스트ㅇ등록 테스트ㅇ등록 테스트ㅇ등록 테스트ㅇ등록 테스트ㅇ등록 테스트ㅇ등록 테스트ㅇ등록 테스트ㅇ등록 테스트ㅇ등록 테스트ㅇ등록 테스트ㅇ등록 테스트ㅇ등록 테스트ㅇ등록 테스트ㅇ등록 테스트ㅇ등록 테스트ㅇ등록 테스트ㅇ등록 테스트ㅇ등록 테스트ㅇ등록 테스트ㅇ등록 테스트ㅇ등록 테스트ㅇ등록 테스트ㅇ등록 테스트ㅇ등록 테스트ㅇ등록 테스트ㅇ등록 테스트ㅇ등록 테스트ㅇ등록 테스트ㅇ등록 테스트ㅇ등록 테스트ㅇ등록 테스트ㅇ등록 테스트ㅇ등록 테스트ㅇ등록 테스트ㅇ등록 테스트ㅇ등록 테스트ㅇ등록 테스트ㅇ등록 테스트ㅇ등록 테스트ㅇ등록 테스트ㅇ등록 테스트ㅇ등록 테스트ㅇ등록 테스트ㅇ등록 테스트ㅇ등록 테스트ㅇ등록 테스트ㅇ등록 테스트ㅇ등록 테스트ㅇ등록 테스트ㅇ등록 테스트ㅇ등록 테스트ㅇ등록 테스트ㅇ등록 테스트ㅇ등록 테스트ㅇ등록 테스트ㅇ등록 테스트ㅇ등록 테스트ㅇ등록 테스트ㅇ등록 테스트ㅇ등록 테스트ㅇ등록 테스트ㅇ등록 테스트ㅇ등록 테스트ㅇ등록 테스트ㅇ등록 테스트ㅇ등록 테스트ㅇ등록 테스트ㅇ등록 테스트ㅇ등록 테스트ㅇ등록 테스트ㅇ등록 테스트ㅇ등록 테스트ㅇ등록 테스트ㅇ등록 테스트ㅇ등록 테스트ㅇ등록 테스트ㅇ등록 테스트ㅇ등록 테스트ㅇ등록 테스트ㅇ등록 테스트ㅇ등록 테스트ㅇ등록 테스트ㅇ등록 테스트ㅇ등록 테스트ㅇ등록 테스트ㅇ등록 테스트ㅇ등록 테스트ㅇ등록 테스트ㅇ등록 테스트ㅇ등록 테스트ㅇ등록 테스트ㅇ등록 테스트ㅇ등록 테스트ㅇ등록 테스트ㅇ등록 테스트ㅇ등록 테스트ㅇ등록 테스트ㅇ등록 테스트ㅇ등록 테스트ㅇ등록 테스트ㅇ등록 테스트ㅇ등록 테스트ㅇ등록 테스트ㅇ등록 테스트ㅇ등록 테스트ㅇ등록 테스트ㅇ등록 테스트ㅇ등록 테스트ㅇ등록 테스트ㅇ등록 테스트ㅇ등록 테스트ㅇ등록 테스트ㅇ등록 테스트ㅇ등록 테스트ㅇ등록 테스트ㅇ등록 테스트ㅇ등록 테스트ㅇ등록 테스트ㅇ등록 테스트ㅇ등록 테스트ㅇ등록 테스트ㅇ등록 테스트ㅇ등록 테스트ㅇ등록 테스트ㅇ등록 테스트ㅇ등록 테스트ㅇ등록 테스트ㅇ등록 테스트ㅇ등록 테스트ㅇ등록 테스트ㅇ등록 테스트ㅇ등록 테스트ㅇ등록 테스트ㅇ등록 테스트ㅇ등록 테스트ㅇ등록 테스트ㅇ등록 테스트ㅇ등록 테스트ㅇ등록 테스트ㅇ등록 테스트ㅇ등록 테스트ㅇ등록 테스트ㅇ등록 테스트ㅇ등록 테스트ㅇ등록 테스트ㅇ등록 테스트ㅇ등록 테스트ㅇ등록 테스트ㅇ등록 테스트ㅇ등록 테스트ㅇ등록 테스트ㅇ등록 테스트ㅇ등록 테스트ㅇ등록 테스트ㅇ등록 테스트ㅇ등록 테스트ㅇ등록 테스트ㅇ등록 테스트ㅇ등록 테스트ㅇ등록 테스트ㅇ등록 테스트ㅇ등록 테스트ㅇ등록 테스트ㅇ등록 테스트ㅇ등록 테스트ㅇ등록 테스트ㅇ등록 테스트ㅇ등록 테스트ㅇ등록 테스트ㅇ등록 테스트ㅇ등록 테스트ㅇ등록 테스트ㅇ등록 테스트ㅇ등록 테스트ㅇ등록 테스트ㅇ등록 테스트ㅇ등록 테스트ㅇ등록 테스트ㅇ등록 테스트ㅇ등록 테스트ㅇ등록 테스트ㅇ등록 테스트ㅇ등록 테스트ㅇ등록 테스트ㅇ등록 테스트ㅇ등록 테스트ㅇ등록 테스트ㅇ등록 테스트ㅇ등록 테스트ㅇ등록 테스트ㅇ등록 테스트ㅇ등록 테스트ㅇ등록 테스트ㅇ등록 테스트ㅇ등록 테스트ㅇ등록 테스트ㅇ등록 테스트ㅇ등록 테스트ㅇ등록 테스트ㅇ등록 테스트ㅇ등록 테스트ㅇ등록 테스트ㅇ등록 테스트ㅇ등록 테스트ㅇ등록 테스트ㅇ등록 테스트ㅇ등록 테스트ㅇ등록 테스트ㅇ등록 테스트ㅇ등록 테스트ㅇ등록 테스트ㅇ등록 테스트ㅇ등록 테스트ㅇ등록 테스트ㅇ등록 테스트ㅇ등록 테스트ㅇ등록 테스트ㅇ등록 테스트ㅇ등록 테스트ㅇ등록 테스트ㅇ등록 테스트ㅇ등록 테스트ㅇ등록 테스트ㅇ등록 테스트ㅇ등록 테스트ㅇ등록 테스트ㅇ등록 테스트ㅇ등록 테스트ㅇ등록 테스트ㅇ등록 테스트ㅇ등록 테스트ㅇ등록 테스트ㅇ등록 테스트ㅇ등록 테스트ㅇ등록 테스트ㅇ등록 테스트ㅇ등록 테스트ㅇ등록 테스트ㅇ등록 테스트ㅇ등록 테스트ㅇ등록 테스트ㅇ등록 테스트ㅇ등록 테스트ㅇ등록 테스트ㅇ등록 테스트ㅇ등록 테스트ㅇ등록 테스트ㅇ등록 테스트ㅇ등록 테스트ㅇ등록 테스트ㅇ등록 테스트ㅇ등록 테스트ㅇ등록 테스트ㅇ등록 테스트ㅇ등록 테스트ㅇ등록 테스트ㅇ등록 테스트ㅇ등록 테스트ㅇ등록 테스트ㅇ등록 테스트ㅇ등록 테스트ㅇ등록 테스트ㅇ등록 테스트ㅇ등록 테스트ㅇ등록 테스트ㅇ등록 테스트ㅇ등록 테스트ㅇ등록 테스트ㅇ등록 테스트ㅇ등록 테스트ㅇ등록 테스트ㅇ등록 테스트ㅇ등록 테스트ㅇ등록 테스트ㅇ등록 테스트ㅇ등록 테스트ㅇ등록 테스트ㅇ등록 테스트ㅇ등록 테스트ㅇ등록 테스트ㅇ등록 테스트ㅇ등록 테스트ㅇ등록 테스트ㅇ등록 테스트ㅇ등록 테스트ㅇ등록 테스트ㅇ등록 테스트ㅇ등록 테스트ㅇ등록 테스트ㅇ등록 테스트ㅇ등록 테스트ㅇ등록 테스트ㅇ등록 테스트ㅇ등록 테스트ㅇ등록 테스트ㅇ등록 테스트ㅇ등록 테스트ㅇ등록 테스트ㅇ등록 테스트ㅇ등록 테스트ㅇ등록 테스트ㅇ등록 테스트ㅇ등록 테스트ㅇ
긴 글 테스트 입니다., 2024.07.04, EBS 개인정보처리방침 변경 사전 안내\n\n\n안녕하세요. EBS입니다.\n\nEBS 인터넷서비스를 이용해주셔서 감사드리며, 개인정보처리방침 변경에 관한 안내 말씀 드립니다.\nEBS는 고객 여러분의 개인정보를 무엇보다 소중하게 처리하고 있으며, 어떤 사안보다 우선하여 안전하게 관리하고 있습니다.\n고객 여러분께서는 새롭게 바뀐 개인정보처리방침의 변경사항을 확인하시어 서비스 이용에 참고하시기 바랍니다.\n\n\n\n1. 변경 내용 : 화상튜터링 서비스 추가\n\n1) 개인정보처리방침 >제 3조 라항\n\n신규 추가\n\n서비스명\n수집목적\n수집항목\n온라인클래스> 화상튜터링\n화상 튜터링 신청 자격 확인\n[필수] 이름, 생년월일, 성별, 연락처, 주소, 아이디, 이메일, 소속(교육청,학교명, 학과, 지역, 반 등), 출신고등학교, 학부모 이름, 학부모 연락처, 첨부파일(증빙서류)\n※증빙서류 내 포함된 개인정보\n- 재학/휴학증명서 : 이름, 생년월일, 학교, 학과\n- 학생증 : 이름, 생년월일, 학교\n- 성적통지표 : 이름, 생년월일, 학교\n- 성적증명서 : 이름, 생년월일, 학교\n- 재학증명서 : 이름, 생년월일, 학교\n[선택] 첨부파일(증빙서류)\n※증빙서류 내 포함된 개인정보\n-봉사활동경력 : 이름, 생년월일\n- 멘토링경험 : 이름, 생년월일\n- 공인영어성적 : 이름, 생년월일, 학교\n-기초생활수급자 수급자증명서: 이름, 생년월일, 주소, 수급자구분, 발행번호\n-차상위계층 확인서 : 이름, 생년월일, 주소, 세대주성명, 세대주와의 관계\n-한부모가족 증명서 : 이름, 생년월일, 주소, 세대주성명, 세대주와의 관계\n-장애인 복지카드: 이름, 주민등록번호(앞자리),장애유형 및 등급, 주소\n-장애인증명서: 이름, 주민등록번호(앞자리), 주소, 장애종별 및 등급, 장애인등록번호\n\n2) 개인정보처리위탁 > 제 7조 \n\n변경 전\n\n수탁업체\n위탁업무 내용\n개인정보의 보유 및 이용기간\n클로잇㈜\n  EBS통합웹서비스, 초등서비스, 중학서비스, 스페이스공감, 모바일, 공통플랫폼(통합회원관리), 고교강의서비스, 영어채널 서비스, 수학서비스, 소프트웨어학습서비스, 온라인클래스, 교재서비스 시스템 운영, 초등온 서비스 운영, 중학 프리미엄 서비스 운영\n회원탈퇴시\n혹은\n위탁계약\n종료시까지\n\n\n변경 후\n\n수탁업체\n위탁업무 내용\n개인정보의 보유 및 이용기간\n클로잇㈜\n  EBS통합웹서비스, 초등서비스, 중학서비스, 스페이스공감, 모바일, 공통플랫폼(통합회원관리), 고교강의서비스, 영어채널 서비스, 수학서비스, 소프트웨어학습서비스, 온라인클래스, 교재서비스 시스템 운영, 초등온 서비스 운영, 중학 프리미엄 서비스 운영, 화상 튜터링 시스템 운영\n회원탈퇴시\n혹은\n위탁계약\n종료시까지\n\n\n신규 추가\n\n수탁업체\n위탁업무 내용\n개인정보의 보유 및 이용기간\n㈜커넥팅더닷츠\n화상튜터링 서비스 운영\n위탁계약 종료시까지\n\n\n2. 시행일자\n변경된 개인정보처리방침은 2024년 06월 27일부터 효력이 발생됩니다.\n\n\n\n3. 이의제기 및 문의\n변경된 개인정보처리방침 내용에 대한 문의사항이 있으신 경우, EBS고객센터로 연락주시면 친절하게 안내해드리겠습니다.\n※ EBS 고객센터 전화 : 1588-1580\n※ EBS 고객센터 팩스 : 031-901-2361\n※ EBS 고객센터 메일 : helpdesk@ebs.co.kr\n\n\nEBS는 앞으로도 고객님의 개인정보를 보다 안전하게 보호할 것을 약속드리며, 고객 여러분께 더욱 신뢰 받는 서비스로 보답할 수 있도록 최선을 다하겠습니다.\n\n감사합니다.
이미지만 등록 테스트, 2024.07.04, 내용 없음
길글 테스트 2, 2024.07.03, EBS 개인정보처리방침 변경 사전 안내\n\n\n안녕하세요. EBS입니다.\n\nEBS 인터넷서비스를 이용해주셔서 감사드리며, 개인정보처리방침 변경에 관한 안내 말씀 드립니다.\nEBS는 고객 여러분의 개인정보를 무엇보다 소중하게 처리하고 있으며, 어떤 사안보다 우선하여 안전하게 관리하고 있습니다.\n고객 여러분께서는 새롭게 바뀐 개인정보처리방침의 변경사항을 확인하시어 서비스 이용에 참고하시기 바랍니다.\n\n\n\n1. 변경 내용 : 화상튜터링 서비스 추가\n\n1) 개인정보처리방침 >제 3조 라항\n\n신규 추가\n\n서비스명\n수집목적\n수집항목\n온라인클래스> 화상튜터링\n화상 튜터링 신청 자격 확인\n[필수] 이름, 생년월일, 성별, 연락처, 주소, 아이디, 이메일, 소속(교육청,학교명, 학과, 지역, 반 등), 출신고등학교, 학부모 이름, 학부모 연락처, 첨부파일(증빙서류)\n※증빙서류 내 포함된 개인정보\n- 재학/휴학증명서 : 이름, 생년월일, 학교, 학과\n- 학생증 : 이름, 생년월일, 학교\n- 성적통지표 : 이름, 생년월일, 학교\n- 성적증명서 : 이름, 생년월일, 학교\n- 재학증명서 : 이름, 생년월일, 학교\n[선택] 첨부파일(증빙서류)\n※증빙서류 내 포함된 개인정보\n-봉사활동경력 : 이름, 생년월일\n- 멘토링경험 : 이름, 생년월일\n- 공인영어성적 : 이름, 생년월일, 학교\n-기초생활수급자 수급자증명서: 이름, 생년월일, 주소, 수급자구분, 발행번호\n-차상위계층 확인서 : 이름, 생년월일, 주소, 세대주성명, 세대주와의 관계\n-한부모가족 증명서 : 이름, 생년월일, 주소, 세대주성명, 세대주와의 관계\n-장애인 복지카드: 이름, 주민등록번호(앞자리),장애유형 및 등급, 주소\n-장애인증명서: 이름, 주민등록번호(앞자리), 주소, 장애종별 및 등급, 장애인등록번호\n\n2) 개인정보처리위탁 > 제 7조 \n\n변경 전\n\n수탁업체\n위탁업무 내용\n개인정보의 보유 및 이용기간\n클로잇㈜\n  EBS통합웹서비스, 초등서비스, 중학서비스, 스페이스공감, 모바일, 공통플랫폼(통합회원관리), 고교강의서비스, 영어채널 서비스, 수학서비스, 소프트웨어학습서비스, 온라인클래스, 교재서비스 시스템 운영, 초등온 서비스 운영, 중학 프리미엄 서비스 운영\n회원탈퇴시\n혹은\n위탁계약\n종료시까지\n\n\n변경 후\n\n수탁업체\n위탁업무 내용\n개인정보의 보유 및 이용기간\n클로잇㈜\n  EBS통합웹서비스, 초등서비스, 중학서비스, 스페이스공감, 모바일, 공통플랫폼(통합회원관리), 고교강의서비스, 영어채널 서비스, 수학서비스, 소프트웨어학습서비스, 온라인클래스, 교재서비스 시스템 운영, 초등온 서비스 운영, 중학 프리미엄 서비스 운영, 화상 튜터링 시스템 운영\n회원탈퇴시\n혹은\n위탁계약\n종료시까지\n\n\n신규 추가\n\n수탁업체\n위탁업무 내용\n개인정보의 보유 및 이용기간\n㈜커넥팅더닷츠\n화상튜터링 서비스 운영\n위탁계약 종료시까지\n\n\n2. 시행일자\n변경된 개인정보처리방침은 2024년 06월 27일부터 효력이 발생됩니다.\n\n\n\n3. 이의제기 및 문의\n변경된 개인정보처리방침 내용에 대한 문의사항이 있으신 경우, EBS고객센터로 연락주시면 친절하게 안내해드리겠습니다.\n※ EBS 고객센터 전화 : 1588-1580\n※ EBS 고객센터 팩스 : 031-901-2361\n※ EBS 고객센터 메일 : helpdesk@ebs.co.kr\n\n\nEBS는 앞으로도 고객님의 개인정보를 보다 안전하게 보호할 것을 약속드리며, 고객 여러분께 더욱 신뢰 받는 서비스로 보답할 수 있도록 최선을 다하겠습니다.\n\n감사합니다.\n\nEBS 개인정보처리방침 변경 사전 안내\n\n\n안녕하세요. EBS입니다.\n\nEBS 인터넷서비스를 이용해주셔서 감사드리며, 개인정보처리방침 변경에 관한 안내 말씀 드립니다.\nEBS는 고객 여러분의 개인정보를 무엇보다 소중하게 처리하고 있으며, 어떤 사안보다 우선하여 안전하게 관리하고 있습니다.\n고객 여러분께서는 새롭게 바뀐 개인정보처리방침의 변경사항을 확인하시어 서비스 이용에 참고하시기 바랍니다.\n\n\n\n1. 변경 내용 : 화상튜터링 서비스 추가\n\n1) 개인정보처리방침 >제 3조 라항\n\n신규 추가\n\n서비스명\n수집목적\n수집항목\n온라인클래스> 화상튜터링\n화상 튜터링 신청 자격 확인\n[필수] 이름, 생년월일, 성별, 연락처, 주소, 아이디, 이메일, 소속(교육청,학교명, 학과, 지역, 반 등), 출신고등학교, 학부모 이름, 학부모 연락처, 첨부파일(증빙서류)\n※증빙서류 내 포함된 개인정보\n- 재학/휴학증명서 : 이름, 생년월일, 학교, 학과\n- 학생증 : 이름, 생년월일, 학교\n- 성적통지표 : 이름, 생년월일, 학교\n- 성적증명서 : 이름, 생년월일, 학교\n- 재학증명서 : 이름, 생년월일, 학교\n[선택] 첨부파일(증빙서류)\n※증빙서류 내 포함된 개인정보\n-봉사활동경력 : 이름, 생년월일\n- 멘토링경험 : 이름, 생년월일\n- 공인영어성적 : 이름, 생년월일, 학교\n-기초생활수급자 수급자증명서: 이름, 생년월일, 주소, 수급자구분, 발행번호\n-차상위계층 확인서 : 이름, 생년월일, 주소, 세대주성명, 세대주와의 관계\n-한부모가족 증명서 : 이름, 생년월일, 주소, 세대주성명, 세대주와의 관계\n-장애인 복지카드: 이름, 주민등록번호(앞자리),장애유형 및 등급, 주소\n-장애인증명서: 이름, 주민등록번호(앞자리), 주소, 장애종별 및 등급, 장애인등록번호\n\n2) 개인정보처리위탁 > 제 7조 \n\n변경 전\n\n수탁업체\n위탁업무 내용\n개인정보의 보유 및 이용기간\n클로잇㈜\n  EBS통합웹서비스, 초등서비스, 중학서비스, 스페이스공감, 모바일, 공통플랫폼(통합회원관리), 고교강의서비스, 영어채널 서비스, 수학서비스, 소프트웨어학습서비스, 온라인클래스, 교재서비스 시스템 운영, 초등온 서비스 운영, 중학 프리미엄 서비스 운영\n회원탈퇴시\n혹은\n위탁계약\n종료시까지\n\n\n변경 후\n\n수탁업체\n위탁업무 내용\n개인정보의 보유 및 이용기간\n클로잇㈜\n  EBS통합웹서비스, 초등서비스, 중학서비스, 스페이스공감, 모바일, 공통플랫폼(통합회원관리), 고교강의서비스, 영어채널 서비스, 수학서비스, 소프트웨어학습서비스, 온라인클래스, 교재서비스 시스템 운영, 초등온 서비스 운영, 중학 프리미엄 서비스 운영, 화상 튜터링 시스템 운영\n회원탈퇴시\n혹은\n위탁계약\n종료시까지\n\n\n신규 추가\n\n수탁업체\n위탁업무 내용\n개인정보의 보유 및 이용기간\n㈜커넥팅더닷츠\n화상튜터링 서비스 운영\n위탁계약 종료시까지\n\n\n2. 시행일자\n변경된 개인정보처리방침은 2024년 06월 27일부터 효력이 발생됩니다.\n\n\n\n3. 이의제기 및 문의\n변경된 개인정보처리방침 내용에 대한 문의사항이 있으신 경우, EBS고객센터로 연락주시면 친절하게 안내해드리겠습니다.\n※ EBS 고객센터 전화 : 1588-1580\n※ EBS 고객센터 팩스 : 031-901-2361\n※ EBS 고객센터 메일 : helpdesk@ebs.co.kr\n\n\nEBS는 앞으로도 고객님의 개인정보를 보다 안전하게 보호할 것을 약속드리며, 고객 여러분께 더욱 신뢰 받는 서비스로 보답할 수 있도록 최선을 다하겠습니다.\n\n감사합니다.\nEBS 개인정보처리방침 변경 사전 안내\n\n\n안녕하세요. EBS입니다.\n\nEBS 인터넷서비스를 이용해주셔서 감사드리며, 개인정보처리방침 변경에 관한 안내 말씀 드립니다.\nEBS는 고객 여러분의 개인정보를 무엇보다 소중하게 처리하고 있으며, 어떤 사안보다 우선하여 안전하게 관리하고 있습니다.\n고객 여러분께서는 새롭게 바뀐 개인정보처리방침의 변경사항을 확인하시어 서비스 이용에 참고하시기 바랍니다.\n\n\n\n1. 변경 내용 : 화상튜터링 서비스 추가\n\n1) 개인정보처리방침 >제 3조 라항\n\n신규 추가\n\n서비스명\n수집목적\n수집항목\n온라인클래스> 화상튜터링\n화상 튜터링 신청 자격 확인\n[필수] 이름, 생년월일, 성별, 연락처, 주소, 아이디, 이메일, 소속(교육청,학교명, 학과, 지역, 반 등), 출신고등학교, 학부모 이름, 학부모 연락처, 첨부파일(증빙서류)\n※증빙서류 내 포함된 개인정보\n- 재학/휴학증명서 : 이름, 생년월일, 학교, 학과\n- 학생증 : 이름, 생년월일, 학교\n- 성적통지표 : 이름, 생년월일, 학교\n- 성적증명서 : 이름, 생년월일, 학교\n- 재학증명서 : 이름, 생년월일, 학교\n[선택] 첨부파일(증빙서류)\n※증빙서류 내 포함된 개인정보\n-봉사활동경력 : 이름, 생년월일\n- 멘토링경험 : 이름, 생년월일\n- 공인영어성적 : 이름, 생년월일, 학교\n-기초생활수급자 수급자증명서: 이름, 생년월일, 주소, 수급자구분, 발행번호\n-차상위계층 확인서 : 이름, 생년월일, 주소, 세대주성명, 세대주와의 관계\n-한부모가족 증명서 : 이름, 생년월일, 주소, 세대주성명, 세대주와의 관계\n-장애인 복지카드: 이름, 주민등록번호(앞자리),장애유형 및 등급, 주소\n-장애인증명서: 이름, 주민등록번호(앞자리), 주소, 장애종별 및 등급, 장애인등록번호\n\n2) 개인정보처리위탁 > 제 7조 \n\n변경 전\n\n수탁업체\n위탁업무 내용\n개인정보의 보유 및 이용기간\n클로잇㈜\n  EBS통합웹서비스, 초등서비스, 중학서비스, 스페이스공감, 모바일, 공통플랫폼(통합회원관리), 고교강의서비스, 영어채널 서비스, 수학서비스, 소프트웨어학습서비스, 온라인클래스, 교재서비스 시스템 운영, 초등온 서비스 운영, 중학 프리미엄 서비스 운영\n회원탈퇴시\n혹은\n위탁계약\n종료시까지\n\n\n변경 후\n\n수탁업체\n위탁업무 내용\n개인정보의 보유 및 이용기간\n클로잇㈜\n  EBS통합웹서비스, 초등서비스, 중학서비스, 스페이스공감, 모바일, 공통플랫폼(통합회원관리), 고교강의서비스, 영어채널 서비스, 수학서비스, 소프트웨어학습서비스, 온라인클래스, 교재서비스 시스템 운영, 초등온 서비스 운영, 중학 프리미엄 서비스 운영, 화상 튜터링 시스템 운영\n회원탈퇴시\n혹은\n위탁계약\n종료시까지\n\n\n신규 추가\n\n수탁업체\n위탁업무 내용\n개인정보의 보유 및 이용기간\n㈜커넥팅더닷츠\n화상튜터링 서비스 운영\n위탁계약 종료시까지\n\n\n2. 시행일자\n변경된 개인정보처리방침은 2024년 06월 27일부터 효력이 발생됩니다.\n\n\n\n3. 이의제기 및 문의\n변경된 개인정보처리방침 내용에 대한 문의사항이 있으신 경우, EBS고객센터로 연락주시면 친절하게 안내해드리겠습니다.\n※ EBS 고객센터 전화 : 1588-1580\n※ EBS 고객센터 팩스 : 031-901-2361\n※ EBS 고객센터 메일 : helpdesk@ebs.co.kr\n\n\nEBS는 앞으로도 고객님의 개인정보를 보다 안전하게 보호할 것을 약속드리며, 고객 여러분께 더욱 신뢰 받는 서비스로 보답할 수 있도록 최선을 다하겠습니다.\n\n감사합니다.\nEBS 개인정보처리방침 변경 사전 안내\n\n\n안녕하세요. EBS입니다.\n\nEBS 인터넷서비스를 이용해주셔서 감사드리며, 개인정보처리방침 변경에 관한 안내 말씀 드립니다.\nEBS는 고객 여러분의 개인정보를 무엇보다 소중하게 처리하고 있으며, 어떤 사안보다 우선하여 안전하게 관리하고 있습니다.\n고객 여러분께서는 새롭게 바뀐 개인정보처리방침의 변경사항을 확인하시어 서비스 이용에 참고하시기 바랍니다.\n\n\n\n1. 변경 내용 : 화상튜터링 서비스 추가\n\n1) 개인정보처리방침 >제 3조 라항\n\n신규 추가\n\n서비스명\n수집목적\n수집항목\n온라인클래스> 화상튜터링\n화상 튜터링 신청 자격 확인\n[필수] 이름, 생년월일, 성별, 연락처, 주소, 아이디, 이메일, 소속(교육청,학교명, 학과, 지역, 반 등), 출신고등학교, 학부모 이름, 학부모 연락처, 첨부파일(증빙서류)\n※증빙서류 내 포함된 개인정보\n- 재학/휴학증명서 : 이름, 생년월일, 학교, 학과\n- 학생증 : 이름, 생년월일, 학교\n- 성적통지표 : 이름, 생년월일, 학교\n- 성적증명서 : 이름, 생년월일, 학교\n- 재학증명서 : 이름, 생년월일, 학교\n[선택] 첨부파일(증빙서류)\n※증빙서류 내 포함된 개인정보\n-봉사활동경력 : 이름, 생년월일\n- 멘토링경험 : 이름, 생년월일\n- 공인영어성적 : 이름, 생년월일, 학교\n-기초생활수급자 수급자증명서: 이름, 생년월일, 주소, 수급자구분, 발행번호\n-차상위계층 확인서 : 이름, 생년월일, 주소, 세대주성명, 세대주와의 관계\n-한부모가족 증명서 : 이름, 생년월일, 주소, 세대주성명, 세대주와의 관계\n-장애인 복지카드: 이름, 주민등록번호(앞자리),장애유형 및 등급, 주소\n-장애인증명서: 이름, 주민등록번호(앞자리), 주소, 장애종별 및 등급, 장애인등록번호\n\n2) 개인정보처리위탁 > 제 7조 \n\n변경 전\n\n수탁업체\n위탁업무 내용\n개인정보의 보유 및 이용기간\n클로잇㈜\n  EBS통합웹서비스, 초등서비스, 중학서비스, 스페이스공감, 모바일, 공통플랫폼(통합회원관리), 고교강의서비스, 영어채널 서비스, 수학서비스, 소프트웨어학습서비스, 온라인클래스, 교재서비스 시스템 운영, 초등온 서비스 운영, 중학 프리미엄 서비스 운영\n회원탈퇴시\n혹은\n위탁계약\n종료시까지\n\n\n변경 후\n\n수탁업체\n위탁업무 내용\n개인정보의 보유 및 이용기간\n클로잇㈜\n  EBS통합웹서비스, 초등서비스, 중학서비스, 스페이스공감, 모바일, 공통플랫폼(통합회원관리), 고교강의서비스, 영어채널 서비스, 수학서비스, 소프트웨어학습서비스, 온라인클래스, 교재서비스 시스템 운영, 초등온 서비스 운영, 중학 프리미엄 서비스 운영, 화상 튜터링 시스템 운영\n회원탈퇴시\n혹은\n위탁계약\n종료시까지\n\n\n신규 추가\n\n수탁업체\n위탁업무 내용\n개인정보의 보유 및 이용기간\n㈜커넥팅더닷츠\n화상튜터링 서비스 운영\n위탁계약 종료시까지\n\n\n2. 시행일자\n변경된 개인정보처리방침은 2024년 06월 27일부터 효력이 발생됩니다.\n\n\n\n3. 이의제기 및 문의\n변경된 개인정보처리방침 내용에 대한 문의사항이 있으신 경우, EBS고객센터로 연락주시면 친절하게 안내해드리겠습니다.\n※ EBS 고객센터 전화 : 1588-1580\n※ EBS 고객센터 팩스 : 031-901-2361\n※ EBS 고객센터 메일 : helpdesk@ebs.co.kr\n\n\nEBS는 앞으로도 고객님의 개인정보를 보다 안전하게 보호할 것을 약속드리며, 고객 여러분께 더욱 신뢰 받는 서비스로 보답할 수 있도록 최선을 다하겠습니다.\n\n감사합니다.\nEBS 개인정보처리방침 변경 사전 안내\n\n\n안녕하세요. EBS입니다.\n\nEBS 인터넷서비스를 이용해주셔서 감사드리며, 개인정보처리방침 변경에 관한 안내 말씀 드립니다.\nEBS는 고객 여러분의 개인정보를 무엇보다 소중하게 처리하고 있으며, 어떤 사안보다 우선하여 안전하게 관리하고 있습니다.\n고객 여러분께서는 새롭게 바뀐 개인정보처리방침의 변경사항을 확인하시어 서비스 이용에 참고하시기 바랍니다.\n\n\n\n1. 변경 내용 : 화상튜터링 서비스 추가\n\n1) 개인정보처리방침 >제 3조 라항\n\n신규 추가\n\n서비스명\n수집목적\n수집항목\n온라인클래스> 화상튜터링\n화상 튜터링 신청 자격 확인\n[필수] 이름, 생년월일, 성별, 연락처, 주소, 아이디, 이메일, 소속(교육청,학교명, 학과, 지역, 반 등), 출신고등학교, 학부모 이름, 학부모 연락처, 첨부파일(증빙서류)\n※증빙서류 내 포함된 개인정보\n- 재학/휴학증명서 : 이름, 생년월일, 학교, 학과\n- 학생증 : 이름, 생년월일, 학교\n- 성적통지표 : 이름, 생년월일, 학교\n- 성적증명서 : 이름, 생년월일, 학교\n- 재학증명서 : 이름, 생년월일, 학교\n[선택] 첨부파일(증빙서류)\n※증빙서류 내 포함된 개인정보\n-봉사활동경력 : 이름, 생년월일\n- 멘토링경험 : 이름, 생년월일\n- 공인영어성적 : 이름, 생년월일, 학교\n-기초생활수급자 수급자증명서: 이름, 생년월일, 주소, 수급자구분, 발행번호\n-차상위계층 확인서 : 이름, 생년월일, 주소, 세대주성명, 세대주와의 관계\n-한부모가족 증명서 : 이름, 생년월일, 주소, 세대주성명, 세대주와의 관계\n-장애인 복지카드: 이름, 주민등록번호(앞자리),장애유형 및 등급, 주소\n-장애인증명서: 이름, 주민등록번호(앞자리), 주소, 장애종별 및 등급, 장애인등록번호\n\n2) 개인정보처리위탁 > 제 7조 \n\n변경 전\n\n수탁업체\n위탁업무 내용\n개인정보의 보유 및 이용기간\n클로잇㈜\n  EBS통합웹서비스, 초등서비스, 중학서비스, 스페이스공감, 모바일, 공통플랫폼(통합회원관리), 고교강의서비스, 영어채널 서비스, 수학서비스, 소프트웨어학습서비스, 온라인클래스, 교재서비스 시스템 운영, 초등온 서비스 운영, 중학 프리미엄 서비스 운영\n회원탈퇴시\n혹은\n위탁계약\n종료시까지\n\n\n변경 후\n\n수탁업체\n위탁업무 내용\n개인정보의 보유 및 이용기간\n클로잇㈜\n  EBS통합웹서비스, 초등서비스, 중학서비스, 스페이스공감, 모바일, 공통플랫폼(통합회원관리), 고교강의서비스, 영어채널 서비스, 수학서비스, 소프트웨어학습서비스, 온라인클래스, 교재서비스 시스템 운영, 초등온 서비스 운영, 중학 프리미엄 서비스 운영, 화상 튜터링 시스템 운영\n회원탈퇴시\n혹은\n위탁계약\n종료시까지\n\n\n신규 추가\n\n수탁업체\n위탁업무 내용\n개인정보의 보유 및 이용기간\n㈜커넥팅더닷츠\n화상튜터링 서비스 운영\n위탁계약 종료시까지\n\n\n2. 시행일자\n변경된 개인정보처리방침은 2024년 06월 27일부터 효력이 발생됩니다.\n\n\n\n3. 이의제기 및 문의\n변경된 개인정보처리방침 내용에 대한 문의사항이 있으신 경우, EBS고객센터로 연락주시면 친절하게 안내해드리겠습니다.\n※ EBS 고객센터 전화 : 1588-1580\n※ EBS 고객센터 팩스 : 031-901-2361\n※ EBS 고객센터 메일 : helpdesk@ebs.co.kr\n\n\nEBS는 앞으로도 고객님의 개인정보를 보다 안전하게 보호할 것을 약속드리며, 고객 여러분께 더욱 신뢰 받는 서비스로 보답할 수 있도록 최선을 다하겠습니다.\n\n감사합니다.\nEBS 개인정보처리방침 변경 사전 안내\n\n\n안녕하세요. EBS입니다.\n\nEBS 인터넷서비스를 이용해주셔서 감사드리며, 개인정보처리방침 변경에 관한 안내 말씀 드립니다.\nEBS는 고객 여러분의 개인정보를 무엇보다 소중하게 처리하고 있으며, 어떤 사안보다 우선하여 안전하게 관리하고 있습니다.\n고객 여러분께서는 새롭게 바뀐 개인정보처리방침의 변경사항을 확인하시어 서비스 이용에 참고하시기 바랍니다.\n\n\n\n1. 변경 내용 : 화상튜터링 서비스 추가\n\n1) 개인정보처리방침 >제 3조 라항\n\n신규 추가\n\n서비스명\n수집목적\n수집항목\n온라인클래스> 화상튜터링\n화상 튜터링 신청 자격 확인\n[필수] 이름, 생년월일, 성별, 연락처, 주소, 아이디, 이메일, 소속(교육청,학교명, 학과, 지역, 반 등), 출신고등학교, 학부모 이름, 학부모 연락처, 첨부파일(증빙서류)\n※증빙서류 내 포함된 개인정보\n- 재학/휴학증명서 : 이름, 생년월일, 학교, 학과\n- 학생증 : 이름, 생년월일, 학교\n- 성적통지표 : 이름, 생년월일, 학교\n- 성적증명서 : 이름, 생년월일, 학교\n- 재학증명서 : 이름, 생년월일, 학교\n[선택] 첨부파일(증빙서류)\n※증빙서류 내 포함된 개인정보\n-봉사활동경력 : 이름, 생년월일\n- 멘토링경험 : 이름, 생년월일\n- 공인영어성적 : 이름, 생년월일, 학교\n-기초생활수급자 수급자증명서: 이름, 생년월일, 주소, 수급자구분, 발행번호\n-차상위계층 확인서 : 이름, 생년월일, 주소, 세대주성명, 세대주와의 관계\n-한부모가족 증명서 : 이름, 생년월일, 주소, 세대주성명, 세대주와의 관계\n-장애인 복지카드: 이름, 주민등록번호(앞자리),장애유형 및 등급, 주소\n-장애인증명서: 이름, 주민등록번호(앞자리), 주소, 장애종별 및 등급, 장애인등록번호\n\n2) 개인정보처리위탁 > 제 7조 \n\n변경 전\n\n수탁업체\n위탁업무 내용\n개인정보의 보유 및 이용기간\n클로잇㈜\n  EBS통합웹서비스, 초등서비스, 중학서비스, 스페이스공감, 모바일, 공통플랫폼(통합회원관리), 고교강의서비스, 영어채널 서비스, 수학서비스, 소프트웨어학습서비스, 온라인클래스, 교재서비스 시스템 운영, 초등온 서비스 운영, 중학 프리미엄 서비스 운영\n회원탈퇴시\n혹은\n위탁계약\n종료시까지\n\n\n변경 후\n\n수탁업체\n위탁업무 내용\n개인정보의 보유 및 이용기간\n클로잇㈜\n  EBS통합웹서비스, 초등서비스, 중학서비스, 스페이스공감, 모바일, 공통플랫폼(통합회원관리), 고교강의서비스, 영어채널 서비스, 수학서비스, 소프트웨어학습서비스, 온라인클래스, 교재서비스 시스템 운영, 초등온 서비스 운영, 중학 프리미엄 서비스 운영, 화상 튜터링 시스템 운영\n회원탈퇴시\n혹은\n위탁계약\n종료시까지\n\n\n신규 추가\n\n수탁업체\n위탁업무 내용\n개인정보의 보유 및 이용기간\n㈜커넥팅더닷츠\n화상튜터링 서비스 운영\n위탁계약 종료시까지\n\n\n2. 시행일자\n변경된 개인정보처리방침은 2024년 06월 27일부터 효력이 발생됩니다.\n\n\n\n3. 이의제기 및 문의\n변경된 개인정보처리방침 내용에 대한 문의사항이 있으신 경우, EBS고객센터로 연락주시면 친절하게 안내해드리겠습니다.\n※ EBS 고객센터 전화 : 1588-1580\n※ EBS 고객센터 팩스 : 031-901-2361\n※ EBS 고객센터 메일 : helpdesk@ebs.co.kr\n\n\nEBS는 앞으로도 고객님의 개인정보를 보다 안전하게 보호할 것을 약속드리며, 고객 여러분께 더욱 신뢰 받는 서비스로 보답할 수 있도록 최선을 다하겠습니다.\n\n감사합니다.\nEBS 개인정보처리방침 변경 사전 안내\n\n\n안녕하세요. EBS입니다.\n\nEBS 인터넷서비스를 이용해주셔서 감사드리며, 개인정보처리방침 변경에 관한 안내 말씀 드립니다.\nEBS는 고객 여러분의 개인정보를 무엇보다 소중하게 처리하고 있으며, 어떤 사안보다 우선하여 안전하게 관리하고 있습니다.\n고객 여러분께서는 새롭게 바뀐 개인정보처리방침의 변경사항을 확인하시어 서비스 이용에 참고하시기 바랍니다.\n\n\n\n1. 변경 내용 : 화상튜터링 서비스 추가\n\n1) 개인정보처리방침 >제 3조 라항\n\n신규 추가\n\n서비스명\n수집목적\n수집항목\n온라인클래스> 화상튜터링\n화상 튜터링 신청 자격 확인\n[필수] 이름, 생년월일, 성별, 연락처, 주소, 아이디, 이메일, 소속(교육청,학교명, 학과, 지역, 반 등), 출신고등학교, 학부모 이름, 학부모 연락처, 첨부파일(증빙서류)\n※증빙서류 내 포함된 개인정보\n- 재학/휴학증명서 : 이름, 생년월일, 학교, 학과\n- 학생증 : 이름, 생년월일, 학교\n- 성적통지표 : 이름, 생년월일, 학교\n- 성적증명서 : 이름, 생년월일, 학교\n- 재학증명서 : 이름, 생년월일, 학교\n[선택] 첨부파일(증빙서류)\n※증빙서류 내 포함된 개인정보\n-봉사활동경력 : 이름, 생년월일\n- 멘토링경험 : 이름, 생년월일\n- 공인영어성적 : 이름, 생년월일, 학교\n-기초생활수급자 수급자증명서: 이름, 생년월일, 주소, 수급자구분, 발행번호\n-차상위계층 확인서 : 이름, 생년월일, 주소, 세대주성명, 세대주와의 관계\n-한부모가족 증명서 : 이름, 생년월일, 주소, 세대주성명, 세대주와의 관계\n-장애인 복지카드: 이름, 주민등록번호(앞자리),장애유형 및 등급, 주소\n-장애인증명서: 이름, 주민등록번호(앞자리), 주소, 장애종별 및 등급, 장애인등록번호\n\n2) 개인정보처리위탁 > 제 7조 \n\n변경 전\n\n수탁업체\n위탁업무 내용\n개인정보의 보유 및 이용기간\n클로잇㈜\n  EBS통합웹서비스, 초등서비스, 중학서비스, 스페이스공감, 모바일, 공통플랫폼(통합회원관리), 고교강의서비스, 영어채널 서비스, 수학서비스, 소프트웨어학습서비스, 온라인클래스, 교재서비스 시스템 운영, 초등온 서비스 운영, 중학 프리미엄 서비스 운영\n회원탈퇴시\n혹은\n위탁계약\n종료시까지\n\n\n변경 후\n\n수탁업체\n위탁업무 내용\n개인정보의 보유 및 이용기간\n클로잇㈜\n  EBS통합웹서비스, 초등서비스, 중학서비스, 스페이스공감, 모바일, 공통플랫폼(통합회원관리), 고교강의서비스, 영어채널 서비스, 수학서비스, 소프트웨어학습서비스, 온라인클래스, 교재서비스 시스템 운영, 초등온 서비스 운영, 중학 프리미엄 서비스 운영, 화상 튜터링 시스템 운영\n회원탈퇴시\n혹은\n위탁계약\n종료시까지\n\n\n신규 추가\n\n수탁업체\n위탁업무 내용\n개인정보의 보유 및 이용기간\n㈜커넥팅더닷츠\n화상튜터링 서비스 운영\n위탁계약 종료시까지\n\n\n2. 시행일자\n변경된 개인정보처리방침은 2024년 06월 27일부터 효력이 발생됩니다.\n\n\n\n3. 이의제기 및 문의\n변경된 개인정보처리방침 내용에 대한 문의사항이 있으신 경우, EBS고객센터로 연락주시면 친절하게 안내해드리겠습니다.\n※ EBS 고객센터 전화 : 1588-1580\n※ EBS 고객센터 팩스 : 031-901-2361\n※ EBS 고객센터 메일 : helpdesk@ebs.co.kr\n\n\nEBS는 앞으로도 고객님의 개인정보를 보다 안전하게 보호할 것을 약속드리며, 고객 여러분께 더욱 신뢰 받는 서비스로 보답할 수 있도록 최선을 다하겠습니다.\n\n감사합니다.\nEBS 개인정보처리방침 변경 사전 안내\n\n\n안녕하세요. EBS입니다.\n\nEBS 인터넷서비스를 이용해주셔서 감사드리며, 개인정보처리방침 변경에 관한 안내 말씀 드립니다.\nEBS는 고객 여러분의 개인정보를 무엇보다 소중하게 처리하고 있으며, 어떤 사안보다 우선하여 안전하게 관리하고 있습니다.\n고객 여러분께서는 새롭게 바뀐 개인정보처리방침의 변경사항을 확인하시어 서비스 이용에 참고하시기 바랍니다.\n\n\n\n1. 변경 내용 : 화상튜터링 서비스 추가\n\n1) 개인정보처리방침 >제 3조 라항\n\n신규 추가\n\n서비스명\n수집목적\n수집항목\n온라인클래스> 화상튜터링\n화상 튜터링 신청 자격 확인\n[필수] 이름, 생년월일, 성별, 연락처, 주소, 아이디, 이메일, 소속(교육청,학교명, 학과, 지역, 반 등), 출신고등학교, 학부모 이름, 학부모 연락처, 첨부파일(증빙서류)\n※증빙서류 내 포함된 개인정보\n- 재학/휴학증명서 : 이름, 생년월일, 학교, 학과\n- 학생증 : 이름, 생년월일, 학교\n- 성적통지표 : 이름, 생년월일, 학교\n- 성적증명서 : 이름, 생년월일, 학교\n- 재학증명서 : 이름, 생년월일, 학교\n[선택] 첨부파일(증빙서류)\n※증빙서류 내 포함된 개인정보\n-봉사활동경력 : 이름, 생년월일\n- 멘토링경험 : 이름, 생년월일\n- 공인영어성적 : 이름, 생년월일, 학교\n-기초생활수급자 수급자증명서: 이름, 생년월일, 주소, 수급자구분, 발행번호\n-차상위계층 확인서 : 이름, 생년월일, 주소, 세대주성명, 세대주와의 관계\n-한부모가족 증명서 : 이름, 생년월일, 주소, 세대주성명, 세대주와의 관계\n-장애인 복지카드: 이름, 주민등록번호(앞자리),장애유형 및 등급, 주소\n-장애인증명서: 이름, 주민등록번호(앞자리), 주소, 장애종별 및 등급, 장애인등록번호\n\n2) 개인정보처리위탁 > 제 7조 \n\n변경 전\n\n수탁업체\n위탁업무 내용\n개인정보의 보유 및 이용기간\n클로잇㈜\n  EBS통합웹서비스, 초등서비스, 중학서비스, 스페이스공감, 모바일, 공통플랫폼(통합회원관리), 고교강의서비스, 영어채널 서비스, 수학서비스, 소프트웨어학습서비스, 온라인클래스, 교재서비스 시스템 운영, 초등온 서비스 운영, 중학 프리미엄 서비스 운영\n회원탈퇴시\n혹은\n위탁계약\n종료시까지\n\n\n변경 후\n\n수탁업체\n위탁업무 내용\n개인정보의 보유 및 이용기간\n클로잇㈜\n  EBS통합웹서비스, 초등서비스, 중학서비스, 스페이스공감, 모바일, 공통플랫폼(통합회원관리), 고교강의서비스, 영어채널 서비스, 수학서비스, 소프트웨어학습서비스, 온라인클래스, 교재서비스 시스템 운영, 초등온 서비스 운영, 중학 프리미엄 서비스 운영, 화상 튜터링 시스템 운영\n회원탈퇴시\n혹은\n위탁계약\n종료시까지\n\n\n신규 추가\n\n수탁업체\n위탁업무 내용\n개인정보의 보유 및 이용기간\n㈜커넥팅더닷츠\n화상튜터링 서비스 운영\n위탁계약 종료시까지\n\n\n2. 시행일자\n변경된 개인정보처리방침은 2024년 06월 27일부터 효력이 발생됩니다.\n\n\n\n3. 이의제기 및 문의\n변경된 개인정보처리방침 내용에 대한 문의사항이 있으신 경우, EBS고객센터로 연락주시면 친절하게 안내해드리겠습니다.\n※ EBS 고객센터 전화 : 1588-1580\n※ EBS 고객센터 팩스 : 031-901-2361\n※ EBS 고객센터 메일 : helpdesk@ebs.co.kr\n\n\nEBS는 앞으로도 고객님의 개인정보를 보다 안전하게 보호할 것을 약속드리며, 고객 여러분께 더욱 신뢰 받는 서비스로 보답할 수 있도록 최선을 다하겠습니다.\n\n감사합니다.\nEBS 개인정보처리방침 변경 사전 안내\n\n\n안녕하세요. EBS입니다.\n\nEBS 인터넷서비스를 이용해주셔서 감사드리며, 개인정보처리방침 변경에 관한 안내 말씀 드립니다.\nEBS는 고객 여러분의 개인정보를 무엇보다 소중하게 처리하고 있으며, 어떤 사안보다 우선하여 안전하게 관리하고 있습니다.\n고객 여러분께서는 새롭게 바뀐 개인정보처리방침의 변경사항을 확인하시어 서비스 이용에 참고하시기 바랍니다.\n\n\n\n1. 변경 내용 : 화상튜터링 서비스 추가\n\n1) 개인정보처리방침 >제 3조 라항\n\n신규 추가\n\n서비스명\n수집목적\n수집항목\n온라인클래스> 화상튜터링\n화상 튜터링 신청 자격 확인\n[필수] 이름, 생년월일, 성별, 연락처, 주소, 아이디, 이메일, 소속(교육청,학교명, 학과, 지역, 반 등), 출신고등학교, 학부모 이름, 학부모 연락처, 첨부파일(증빙서류)\n※증빙서류 내 포함된 개인정보\n- 재학/휴학증명서 : 이름, 생년월일, 학교, 학과\n- 학생증 : 이름, 생년월일, 학교\n- 성적통지표 : 이름, 생년월일, 학교\n- 성적증명서 : 이름, 생년월일, 학교\n- 재학증명서 : 이름, 생년월일, 학교\n[선택] 첨부파일(증빙서류)\n※증빙서류 내 포함된 개인정보\n-봉사활동경력 : 이름, 생년월일\n- 멘토링경험 : 이름, 생년월일\n- 공인영어성적 : 이름, 생년월일, 학교\n-기초생활수급자 수급자증명서: 이름, 생년월일, 주소, 수급자구분, 발행번호\n-차상위계층 확인서 : 이름, 생년월일, 주소, 세대주성명, 세대주와의 관계\n-한부모가족 증명서 : 이름, 생년월일, 주소, 세대주성명, 세대주와의 관계\n-장애인 복지카드: 이름, 주민등록번호(앞자리),장애유형 및 등급, 주소\n-장애인증명서: 이름, 주민등록번호(앞자리), 주소, 장애종별 및 등급, 장애인등록번호\n\n2) 개인정보처리위탁 > 제 7조 \n\n변경 전\n\n수탁업체\n위탁업무 내용\n개인정보의 보유 및 이용기간\n클로잇㈜\n  EBS통합웹서비스, 초등서비스, 중학서비스, 스페이스공감, 모바일, 공통플랫폼(통합회원관리), 고교강의서비스, 영어채널 서비스, 수학서비스, 소프트웨어학습서비스, 온라인클래스, 교재서비스 시스템 운영, 초등온 서비스 운영, 중학 프리미엄 서비스 운영\n회원탈퇴시\n혹은\n위탁계약\n종료시까지\n\n\n변경 후\n\n수탁업체\n위탁업무 내용\n개인정보의 보유 및 이용기간\n클로잇㈜\n  EBS통합웹서비스, 초등서비스, 중학서비스, 스페이스공감, 모바일, 공통플랫폼(통합회원관리), 고교강의서비스, 영어채널 서비스, 수학서비스, 소프트웨어학습서비스, 온라인클래스, 교재서비스 시스템 운영, 초등온 서비스 운영, 중학 프리미엄 서비스 운영, 화상 튜터링 시스템 운영\n회원탈퇴시\n혹은\n위탁계약\n종료시까지\n\n\n신규 추가\n\n수탁업체\n위탁업무 내용\n개인정보의 보유 및 이용기간\n㈜커넥팅더닷츠\n화상튜터링 서비스 운영\n위탁계약 종료시까지\n\n\n2. 시행일자\n변경된 개인정보처리방침은 2024년 06월 27일부터 효력이 발생됩니다.\n\n\n\n3. 이의제기 및 문의\n변경된 개인정보처리방침 내용에 대한 문의사항이 있으신 경우, EBS고객센터로 연락주시면 친절하게 안내해드리겠습니다.\n※ EBS 고객센터 전화 : 1588-1580\n※ EBS 고객센터 팩스 : 031-901-2361\n※ EBS 고객센터 메일 : helpdesk@ebs.co.kr\n\n\nEBS는 앞으로도 고객님의 개인정보를 보다 안전하게 보호할 것을 약속드리며, 고객 여러분께 더욱 신뢰 받는 서비스로 보답할 수 있도록 최선을 다하겠습니다.\n\n감사합니다.\nEBS 개인정보처리방침 변경 사전 안내\n\n\n안녕하세요. EBS입니다.\n\nEBS 인터넷서비스를 이용해주셔서 감사드리며, 개인정보처리방침 변경에 관한 안내 말씀 드립니다.\nEBS는 고객 여러분의 개인정보를 무엇보다 소중하게 처리하고 있으며, 어떤 사안보다 우선하여 안전하게 관리하고 있습니다.\n고객 여러분께서는 새롭게 바뀐 개인정보처리방침의 변경사항을 확인하시어 서비스 이용에 참고하시기 바랍니다.\n\n\n\n1. 변경 내용 : 화상튜터링 서비스 추가\n\n1) 개인정보처리방침 >제 3조 라항\n\n신규 추가\n\n서비스명\n수집목적\n수집항목\n온라인클래스> 화상튜터링\n화상 튜터링 신청 자격 확인\n[필수] 이름, 생년월일, 성별, 연락처, 주소, 아이디, 이메일, 소속(교육청,학교명, 학과, 지역, 반 등), 출신고등학교, 학부모 이름, 학부모 연락처, 첨부파일(증빙서류)\n※증빙서류 내 포함된 개인정보\n- 재학/휴학증명서 : 이름, 생년월일, 학교, 학과\n- 학생증 : 이름, 생년월일, 학교\n- 성적통지표 : 이름, 생년월일, 학교\n- 성적증명서 : 이름, 생년월일, 학교\n- 재학증명서 : 이름, 생년월일, 학교\n[선택] 첨부파일(증빙서류)\n※증빙서류 내 포함된 개인정보\n-봉사활동경력 : 이름, 생년월일\n- 멘토링경험 : 이름, 생년월일\n- 공인영어성적 : 이름, 생년월일, 학교\n-기초생활수급자 수급자증명서: 이름, 생년월일, 주소, 수급자구분, 발행번호\n-차상위계층 확인서 : 이름, 생년월일, 주소, 세대주성명, 세대주와의 관계\n-한부모가족 증명서 : 이름, 생년월일, 주소, 세대주성명, 세대주와의 관계\n-장애인 복지카드: 이름, 주민등록번호(앞자리),장애유형 및 등급, 주소\n-장애인증명서: 이름, 주민등록번호(앞자리), 주소, 장애종별 및 등급, 장애인등록번호\n\n2) 개인정보처리위탁 > 제 7조 \n\n변경 전\n\n수탁업체\n위탁업무 내용\n개인정보의 보유 및 이용기간\n클로잇㈜\n  EBS통합웹서비스, 초등서비스, 중학서비스, 스페이스공감, 모바일, 공통플랫폼(통합회원관리), 고교강의서비스, 영어채널 서비스, 수학서비스, 소프트웨어학습서비스, 온라인클래스, 교재서비스 시스템 운영, 초등온 서비스 운영, 중학 프리미엄 서비스 운영\n회원탈퇴시\n혹은\n위탁계약\n종료시까지\n\n\n변경 후\n\n수탁업체\n위탁업무 내용\n개인정보의 보유 및 이용기간\n클로잇㈜\n  EBS통합웹서비스, 초등서비스, 중학서비스, 스페이스공감, 모바일, 공통플랫폼(통합회원관리), 고교강의서비스, 영어채널 서비스, 수학서비스, 소프트웨어학습서비스, 온라인클래스, 교재서비스 시스템 운영, 초등온 서비스 운영, 중학 프리미엄 서비스 운영, 화상 튜터링 시스템 운영\n회원탈퇴시\n혹은\n위탁계약\n종료시까지\n\n\n신규 추가\n\n수탁업체\n위탁업무 내용\n개인정보의 보유 및 이용기간\n㈜커넥팅더닷츠\n화상튜터링 서비스 운영\n위탁계약 종료시까지\n\n\n2. 시행일자\n변경된 개인정보처리방침은 2024년 06월 27일부터 효력이 발생됩니다.\n\n\n\n3. 이의제기 및 문의\n변경된 개인정보처리방침 내용에 대한 문의사항이 있으신 경우, EBS고객센터로 연락주시면 친절하게 안내해드리겠습니다.\n※ EBS 고객센터 전화 : 1588-1580\n※ EBS 고객센터 팩스 : 031-901-2361\n※ EBS 고객센터 메일 : helpdesk@ebs.co.kr\n\n\nEBS는 앞으로도 고객님의 개인정보를 보다 안전하게 보호할 것을 약속드리며, 고객 여러분께 더욱 신뢰 받는 서비스로 보답할 수 있도록 최선을 다하겠습니다.\n\n감사합니다.\nEBS 개인정보처리방침 변경 사전 안내\n\n\n안녕하세요. EBS입니다.\n\nEBS 인터넷서비스를 이용해주셔서 감사드리며, 개인정보처리방침 변경에 관한 안내 말씀 드립니다.\nEBS는 고객 여러분의 개인정보를 무엇보다 소중하게 처리하고 있으며, 어떤 사안보다 우선하여 안전하게 관리하고 있습니다.\n고객 여러분께서는 새롭게 바뀐 개인정보처리방침의 변경사항을 확인하시어 서비스 이용에 참고하시기 바랍니다.\n\n\n\n1. 변경 내용 : 화상튜터링 서비스 추가\n\n1) 개인정보처리방침 >제 3조 라항\n\n신규 추가\n\n서비스명\n수집목적\n수집항목\n온라인클래스> 화상튜터링\n화상 튜터링 신청 자격 확인\n[필수] 이름, 생년월일, 성별, 연락처, 주소, 아이디, 이메일, 소속(교육청,학교명, 학과, 지역, 반 등), 출신고등학교, 학부모 이름, 학부모 연락처, 첨부파일(증빙서류)\n※증빙서류 내 포함된 개인정보\n- 재학/휴학증명서 : 이름, 생년월일, 학교, 학과\n- 학생증 : 이름, 생년월일, 학교\n- 성적통지표 : 이름, 생년월일, 학교\n- 성적증명서 : 이름, 생년월일, 학교\n- 재학증명서 : 이름, 생년월일, 학교\n[선택] 첨부파일(증빙서류)\n※증빙서류 내 포함된 개인정보\n-봉사활동경력 : 이름, 생년월일\n- 멘토링경험 : 이름, 생년월일\n- 공인영어성적 : 이름, 생년월일, 학교\n-기초생활수급자 수급자증명서: 이름, 생년월일, 주소, 수급자구분, 발행번호\n-차상위계층 확인서 : 이름, 생년월일, 주소, 세대주성명, 세대주와의 관계\n-한부모가족 증명서 : 이름, 생년월일, 주소, 세대주성명, 세대주와의 관계\n-장애인 복지카드: 이름, 주민등록번호(앞자리),장애유형 및 등급, 주소\n-장애인증명서: 이름, 주민등록번호(앞자리), 주소, 장애종별 및 등급, 장애인등록번호\n\n2) 개인정보처리위탁 > 제 7조 \n\n변경 전\n\n수탁업체\n위탁업무 내용\n개인정보의 보유 및 이용기간\n클로잇㈜\n  EBS통합웹서비스, 초등서비스, 중학서비스, 스페이스공감, 모바일, 공통플랫폼(통합회원관리), 고교강의서비스, 영어채널 서비스, 수학서비스, 소프트웨어학습서비스, 온라인클래스, 교재서비스 시스템 운영, 초등온 서비스 운영, 중학 프리미엄 서비스 운영\n회원탈퇴시\n혹은\n위탁계약\n종료시까지\n\n\n변경 후\n\n수탁업체\n위탁업무 내용\n개인정보의 보유 및 이용기간\n클로잇㈜\n  EBS통합웹서비스, 초등서비스, 중학서비스, 스페이스공감, 모바일, 공통플랫폼(통합회원관리), 고교강의서비스, 영어채널 서비스, 수학서비스, 소프트웨어학습서비스, 온라인클래스, 교재서비스 시스템 운영, 초등온 서비스 운영, 중학 프리미엄 서비스 운영, 화상 튜터링 시스템 운영\n회원탈퇴시\n혹은\n위탁계약\n종료시까지\n\n\n신규 추가\n\n수탁업체\n위탁업무 내용\n개인정보의 보유 및 이용기간\n㈜커넥팅더닷츠\n화상튜터링 서비스 운영\n위탁계약 종료시까지\n\n\n2. 시행일자\n변경된 개인정보처리방침은 2024년 06월 27일부터 효력이 발생됩니다.\n\n\n\n3. 이의제기 및 문의\n변경된 개인정보처리방침 내용에 대한 문의사항이 있으신 경우, EBS고객센터로 연락주시면 친절하게 안내해드리겠습니다.\n※ EBS 고객센터 전화 : 1588-1580\n※ EBS 고객센터 팩스 : 031-901-2361\n※ EBS 고객센터 메일 : helpdesk@ebs.co.kr\n\n\nEBS는 앞으로도 고객님의 개인정보를 보다 안전하게 보호할 것을 약속드리며, 고객 여러분께 더욱 신뢰 받는 서비스로 보답할 수 있도록 최선을 다하겠습니다.\n\n감사합니다.\nEBS 개인정보처리방침 변경 사전 안내\n\n\n안녕하세요. EBS입니다.\n\nEBS 인터넷서비스를 이용해주셔서 감사드리며, 개인정보처리방침 변경에 관한 안내 말씀 드립니다.\nEBS는 고객 여러분의 개인정보를 무엇보다 소중하게 처리하고 있으며, 어떤 사안보다 우선하여 안전하게 관리하고 있습니다.\n고객 여러분께서는 새롭게 바뀐 개인정보처리방침의 변경사항을 확인하시어 서비스 이용에 참고하시기 바랍니다.\n\n\n\n1. 변경 내용 : 화상튜터링 서비스 추가\n\n1) 개인정보처리방침 >제 3조 라항\n\n신규 추가\n\n서비스명\n수집목적\n수집항목\n온라인클래스> 화상튜터링\n화상 튜터링 신청 자격 확인\n[필수] 이름, 생년월일, 성별, 연락처, 주소, 아이디, 이메일, 소속(교육청,학교명, 학과, 지역, 반 등), 출신고등학교, 학부모 이름, 학부모 연락처, 첨부파일(증빙서류)\n※증빙서류 내 포함된 개인정보\n- 재학/휴학증명서 : 이름, 생년월일, 학교, 학과\n- 학생증 : 이름, 생년월일, 학교\n- 성적통지표 : 이름, 생년월일, 학교\n- 성적증명서 : 이름, 생년월일, 학교\n- 재학증명서 : 이름, 생년월일, 학교\n[선택] 첨부파일(증빙서류)\n※증빙서류 내 포함된 개인정보\n-봉사활동경력 : 이름, 생년월일\n- 멘토링경험 : 이름, 생년월일\n- 공인영어성적 : 이름, 생년월일, 학교\n-기초생활수급자 수급자증명서: 이름, 생년월일, 주소, 수급자구분, 발행번호\n-차상위계층 확인서 : 이름, 생년월일, 주소, 세대주성명, 세대주와의 관계\n-한부모가족 증명서 : 이름, 생년월일, 주소, 세대주성명, 세대주와의 관계\n-장애인 복지카드: 이름, 주민등록번호(앞자리),장애유형 및 등급, 주소\n-장애인증명서: 이름, 주민등록번호(앞자리), 주소, 장애종별 및 등급, 장애인등록번호\n\n2) 개인정보처리위탁 > 제 7조 \n\n변경 전\n\n수탁업체\n위탁업무 내용\n개인정보의 보유 및 이용기간\n클로잇㈜\n  EBS통합웹서비스, 초등서비스, 중학서비스, 스페이스공감, 모바일, 공통플랫폼(통합회원관리), 고교강의서비스, 영어채널 서비스, 수학서비스, 소프트웨어학습서비스, 온라인클래스, 교재서비스 시스템 운영, 초등온 서비스 운영, 중학 프리미엄 서비스 운영\n회원탈퇴시\n혹은\n위탁계약\n종료시까지\n\n\n변경 후\n\n수탁업체\n위탁업무 내용\n개인정보의 보유 및 이용기간\n클로잇㈜\n  EBS통합웹서비스, 초등서비스, 중학서비스, 스페이스공감, 모바일, 공통플랫폼(통합회원관리), 고교강의서비스, 영어채널 서비스, 수학서비스, 소프트웨어학습서비스, 온라인클래스, 교재서비스 시스템 운영, 초등온 서비스 운영, 중학 프리미엄 서비스 운영, 화상 튜터링 시스템 운영\n회원탈퇴시\n혹은\n위탁계약\n종료시까지\n\n\n신규 추가\n\n수탁업체\n위탁업무 내용\n개인정보의 보유 및 이용기간\n㈜커넥팅더닷츠\n화상튜터링 서비스 운영\n위탁계약 종료시까지\n\n\n2. 시행일자\n변경된 개인정보처리방침은 2024년 06월 27일부터 효력이 발생됩니다.\n\n\n\n3. 이의제기 및 문의\n변경된 개인정보처리방침 내용에 대한 문의사항이 있으신 경우, EBS고객센터로 연락주시면 친절하게 안내해드리겠습니다.\n※ EBS 고객센터 전화 : 1588-1580\n※ EBS 고객센터 팩스 : 031-901-2361\n※ EBS 고객센터 메일 : helpdesk@ebs.co.kr\n\n\nEBS는 앞으로도 고객님의 개인정보를 보다 안전하게 보호할 것을 약속드리며, 고객 여러분께 더욱 신뢰 받는 서비스로 보답할 수 있도록 최선을 다하겠습니다.\n\n감사합니다.\nEBS 개인정보처리방침 변경 사전 안내\n\n\n안녕하세요. EBS입니다.\n\nEBS 인터넷서비스를 이용해주셔서 감사드리며, 개인정보처리방침 변경에 관한 안내 말씀 드립니다.\nEBS는 고객 여러분의 개인정보를 무엇보다 소중하게 처리하고 있으며, 어떤 사안보다 우선하여 안전하게 관리하고 있습니다.\n고객 여러분께서는 새롭게 바뀐 개인정보처리방침의 변경사항을 확인하시어 서비스 이용에 참고하시기 바랍니다.\n\n\n\n1. 변경 내용 : 화상튜터링 서비스 추가\n\n1) 개인정보처리방침 >제 3조 라항\n\n신규 추가\n\n서비스명\n수집목적\n수집항목\n온라인클래스> 화상튜터링\n화상 튜터링 신청 자격 확인\n[필수] 이름, 생년월일, 성별, 연락처, 주소, 아이디, 이메일, 소속(교육청,학교명, 학과, 지역, 반 등), 출신고등학교, 학부모 이름, 학부모 연락처, 첨부파일(증빙서류)\n※증빙서류 내 포함된 개인정보\n- 재학/휴학증명서 : 이름, 생년월일, 학교, 학과\n- 학생증 : 이름, 생년월일, 학교\n- 성적통지표 : 이름, 생년월일, 학교\n- 성적증명서 : 이름, 생년월일, 학교\n- 재학증명서 : 이름, 생년월일, 학교\n[선택] 첨부파일(증빙서류)\n※증빙서류 내 포함된 개인정보\n-봉사활동경력 : 이름, 생년월일\n- 멘토링경험 : 이름, 생년월일\n- 공인영어성적 : 이름, 생년월일, 학교\n-기초생활수급자 수급자증명서: 이름, 생년월일, 주소, 수급자구분, 발행번호\n-차상위계층 확인서 : 이름, 생년월일, 주소, 세대주성명, 세대주와의 관계\n-한부모가족 증명서 : 이름, 생년월일, 주소, 세대주성명, 세대주와의 관계\n-장애인 복지카드: 이름, 주민등록번호(앞자리),장애유형 및 등급, 주소\n-장애인증명서: 이름, 주민등록번호(앞자리), 주소, 장애종별 및 등급, 장애인등록번호\n\n2) 개인정보처리위탁 > 제 7조 \n\n변경 전\n\n수탁업체\n위탁업무 내용\n개인정보의 보유 및 이용기간\n클로잇㈜\n  EBS통합웹서비스, 초등서비스, 중학서비스, 스페이스공감, 모바일, 공통플랫폼(통합회원관리), 고교강의서비스, 영어채널 서비스, 수학서비스, 소프트웨어학습서비스, 온라인클래스, 교재서비스 시스템 운영, 초등온 서비스 운영, 중학 프리미엄 서비스 운영\n회원탈퇴시\n혹은\n위탁계약\n종료시까지\n\n\n변경 후\n\n수탁업체\n위탁업무 내용\n개인정보의 보유 및 이용기간\n클로잇㈜\n  EBS통합웹서비스, 초등서비스, 중학서비스, 스페이스공감, 모바일, 공통플랫폼(통합회원관리), 고교강의서비스, 영어채널 서비스, 수학서비스, 소프트웨어학습서비스, 온라인클래스, 교재서비스 시스템 운영, 초등온 서비스 운영, 중학 프리미엄 서비스 운영, 화상 튜터링 시스템 운영\n회원탈퇴시\n혹은\n위탁계약\n종료시까지\n\n\n신규 추가\n\n수탁업체\n위탁업무 내용\n개인정보의 보유 및 이용기간\n㈜커넥팅더닷츠\n화상튜터링 서비스 운영\n위탁계약 종료시까지\n\n\n2. 시행일자\n변경된 개인정보처리방침은 2024년 06월 27일부터 효력이 발생됩니다.\n\n\n\n3. 이의제기 및 문의\n변경된 개인정보처리방침 내용에 대한 문의사항이 있으신 경우, EBS고객센터로 연락주시면 친절하게 안내해드리겠습니다.\n※ EBS 고객센터 전화 : 1588-1580\n※ EBS 고객센터 팩스 : 031-901-2361\n※ EBS 고객센터 메일 : helpdesk@ebs.co.kr\n\n\nEBS는 앞으로도 고객님의 개인정보를 보다 안전하게 보호할 것을 약속드리며, 고객 여러분께 더욱 신뢰 받는 서비스로 보답할 수 있도록 최선을 다하겠습니다.\n\n감사합니다.\nEBS 개인정보처리방침 변경 사전 안내\n\n\n안녕하세요. EBS입니다.\n\nEBS 인터넷서비스를 이용해주셔서 감사드리며, 개인정보처리방침 변경에 관한 안내 말씀 드립니다.\nEBS는 고객 여러분의 개인정보를 무엇보다 소중하게 처리하고 있으며, 어떤 사안보다 우선하여 안전하게 관리하고 있습니다.\n고객 여러분께서는 새롭게 바뀐 개인정보처리방침의 변경사항을 확인하시어 서비스 이용에 참고하시기 바랍니다.\n\n\n\n1. 변경 내용 : 화상튜터링 서비스 추가\n\n1) 개인정보처리방침 >제 3조 라항\n\n신규 추가\n\n서비스명\n수집목적\n수집항목\n온라인클래스> 화상튜터링\n화상 튜터링 신청 자격 확인\n[필수] 이름, 생년월일, 성별, 연락처, 주소, 아이디, 이메일, 소속(교육청,학교명, 학과, 지역, 반 등), 출신고등학교, 학부모 이름, 학부모 연락처, 첨부파일(증빙서류)\n※증빙서류 내 포함된 개인정보\n- 재학/휴학증명서 : 이름, 생년월일, 학교, 학과\n- 학생증 : 이름, 생년월일, 학교\n- 성적통지표 : 이름, 생년월일, 학교\n- 성적증명서 : 이름, 생년월일, 학교\n- 재학증명서 : 이름, 생년월일, 학교\n[선택] 첨부파일(증빙서류)\n※증빙서류 내 포함된 개인정보\n-봉사활동경력 : 이름, 생년월일\n- 멘토링경험 : 이름, 생년월일\n- 공인영어성적 : 이름, 생년월일, 학교\n-기초생활수급자 수급자증명서: 이름, 생년월일, 주소, 수급자구분, 발행번호\n-차상위계층 확인서 : 이름, 생년월일, 주소, 세대주성명, 세대주와의 관계\n-한부모가족 증명서 : 이름, 생년월일, 주소, 세대주성명, 세대주와의 관계\n-장애인 복지카드: 이름, 주민등록번호(앞자리),장애유형 및 등급, 주소\n-장애인증명서: 이름, 주민등록번호(앞자리), 주소, 장애종별 및 등급, 장애인등록번호\n\n2) 개인정보처리위탁 > 제 7조 \n\n변경 전\n\n수탁업체\n위탁업무 내용\n개인정보의 보유 및 이용기간\n클로잇㈜\n  EBS통합웹서비스, 초등서비스, 중학서비스, 스페이스공감, 모바일, 공통플랫폼(통합회원관리), 고교강의서비스, 영어채널 서비스, 수학서비스, 소프트웨어학습서비스, 온라인클래스, 교재서비스 시스템 운영, 초등온 서비스 운영, 중학 프리미엄 서비스 운영\n회원탈퇴시\n혹은\n위탁계약\n종료시까지\n\n\n변경 후\n\n수탁업체\n위탁업무 내용\n개인정보의 보유 및 이용기간\n클로잇㈜\n  EBS통합웹서비스, 초등서비스, 중학서비스, 스페이스공감, 모바일, 공통플랫폼(통합회원관리), 고교강의서비스, 영어채널 서비스, 수학서비스, 소프트웨어학습서비스, 온라인클래스, 교재서비스 시스템 운영, 초등온 서비스 운영, 중학 프리미엄 서비스 운영, 화상 튜터링 시스템 운영\n회원탈퇴시\n혹은\n위탁계약\n종료시까지\n\n\n신규 추가\n\n수탁업체\n위탁업무 내용\n개인정보의 보유 및 이용기간\n㈜커넥팅더닷츠\n화상튜터링 서비스 운영\n위탁계약 종료시까지\n\n\n2. 시행일자\n변경된 개인정보처리방침은 2024년 06월 27일부터 효력이 발생됩니다.\n\n\n\n3. 이의제기 및 문의\n변경된 개인정보처리방침 내용에 대한 문의사항이 있으신 경우, EBS고객센터로 연락주시면 친절하게 안내해드리겠습니다.\n※ EBS 고객센터 전화 : 1588-1580\n※ EBS 고객센터 팩스 : 031-901-2361\n※ EBS 고객센터 메일 : helpdesk@ebs.co.kr\n\n\nEBS는 앞으로도 고객님의 개인정보를 보다 안전하게 보호할 것을 약속드리며, 고객 여러분께 더욱 신뢰 받는 서비스로 보답할 수 있도록 최선을 다하겠습니다.\n\n감사합니다.\nEBS 개인정보처리방침 변경 사전 안내\n\n\n안녕하세요. EBS입니다.\n\nEBS 인터넷서비스를 이용해주셔서 감사드리며, 개인정보처리방침 변경에 관한 안내 말씀 드립니다.\nEBS는 고객 여러분의 개인정보를 무엇보다 소중하게 처리하고 있으며, 어떤 사안보다 우선하여 안전하게 관리하고 있습니다.\n고객 여러분께서는 새롭게 바뀐 개인정보처리방침의 변경사항을 확인하시어 서비스 이용에 참고하시기 바랍니다.\n\n\n\n1. 변경 내용 : 화상튜터링 서비스 추가\n\n1) 개인정보처리방침 >제 3조 라항\n\n신규 추가\n\n서비스명\n수집목적\n수집항목\n온라인클래스> 화상튜터링\n화상 튜터링 신청 자격 확인\n[필수] 이름, 생년월일, 성별, 연락처, 주소, 아이디, 이메일, 소속(교육청,학교명, 학과, 지역, 반 등), 출신고등학교, 학부모 이름, 학부모 연락처, 첨부파일(증빙서류)\n※증빙서류 내 포함된 개인정보\n- 재학/휴학증명서 : 이름, 생년월일, 학교, 학과\n- 학생증 : 이름, 생년월일, 학교\n- 성적통지표 : 이름, 생년월일, 학교\n- 성적증명서 : 이름, 생년월일, 학교\n- 재학증명서 : 이름, 생년월일, 학교\n[선택] 첨부파일(증빙서류)\n※증빙서류 내 포함된 개인정보\n-봉사활동경력 : 이름, 생년월일\n- 멘토링경험 : 이름, 생년월일\n- 공인영어성적 : 이름, 생년월일, 학교\n-기초생활수급자 수급자증명서: 이름, 생년월일, 주소, 수급자구분, 발행번호\n-차상위계층 확인서 : 이름, 생년월일, 주소, 세대주성명, 세대주와의 관계\n-한부모가족 증명서 : 이름, 생년월일, 주소, 세대주성명, 세대주와의 관계\n-장애인 복지카드: 이름, 주민등록번호(앞자리),장애유형 및 등급, 주소\n-장애인증명서: 이름, 주민등록번호(앞자리), 주소, 장애종별 및 등급, 장애인등록번호\n\n2) 개인정보처리위탁 > 제 7조 \n\n변경 전\n\n수탁업체\n위탁업무 내용\n개인정보의 보유 및 이용기간\n클로잇㈜\n  EBS통합웹서비스, 초등서비스, 중학서비스, 스페이스공감, 모바일, 공통플랫폼(통합회원관리), 고교강의서비스, 영어채널 서비스, 수학서비스, 소프트웨어학습서비스, 온라인클래스, 교재서비스 시스템 운영, 초등온 서비스 운영, 중학 프리미엄 서비스 운영\n회원탈퇴시\n혹은\n위탁계약\n종료시까지\n\n\n변경 후\n\n수탁업체\n위탁업무 내용\n개인정보의 보유 및 이용기간\n클로잇㈜\n  EBS통합웹서비스, 초등서비스, 중학서비스, 스페이스공감, 모바일, 공통플랫폼(통합회원관리), 고교강의서비스, 영어채널 서비스, 수학서비스, 소프트웨어학습서비스, 온라인클래스, 교재서비스 시스템 운영, 초등온 서비스 운영, 중학 프리미엄 서비스 운영, 화상 튜터링 시스템 운영\n회원탈퇴시\n혹은\n위탁계약\n종료시까지\n\n\n신규 추가\n\n수탁업체\n위탁업무 내용\n개인정보의 보유 및 이용기간\n㈜커넥팅더닷츠\n화상튜터링 서비스 운영\n위탁계약 종료시까지\n\n\n2. 시행일자\n변경된 개인정보처리방침은 2024년 06월 27일부터 효력이 발생됩니다.\n\n\n\n3. 이의제기 및 문의\n변경된 개인정보처리방침 내용에 대한 문의사항이 있으신 경우, EBS고객센터로 연락주시면 친절하게 안내해드리겠습니다.\n※ EBS 고객센터 전화 : 1588-1580\n※ EBS 고객센터 팩스 : 031-901-2361\n※ EBS 고객센터 메일 : helpdesk@ebs.co.kr\n\n\nEBS는 앞으로도 고객님의 개인정보를 보다 안전하게 보호할 것을 약속드리며, 고객 여러분께 더욱 신뢰 받는 서비스로 보답할 수 있도록 최선을 다하겠습니다.\n\n감사합니다.\nEBS 개인정보처리방침 변경 사전 안내\n\n\n안녕하세요. EBS입니다.\n\nEBS 인터넷서비스를 이용해주셔서 감사드리며, 개인정보처리방침 변경에 관한 안내 말씀 드립니다.\nEBS는 고객 여러분의 개인정보를 무엇보다 소중하게 처리하고 있으며, 어떤 사안보다 우선하여 안전하게 관리하고 있습니다.\n고객 여러분께서는 새롭게 바뀐 개인정보처리방침의 변경사항을 확인하시어 서비스 이용에 참고하시기 바랍니다.\n\n\n\n1. 변경 내용 : 화상튜터링 서비스 추가\n\n1) 개인정보처리방침 >제 3조 라항\n\n신규 추가\n\n서비스명\n수집목적\n수집항목\n온라인클래스> 화상튜터링\n화상 튜터링 신청 자격 확인\n[필수] 이름, 생년월일, 성별, 연락처, 주소, 아이디, 이메일, 소속(교육청,학교명, 학과, 지역, 반 등), 출신고등학교, 학부모 이름, 학부모 연락처, 첨부파일(증빙서류)\n※증빙서류 내 포함된 개인정보\n- 재학/휴학증명서 : 이름, 생년월일, 학교, 학과\n- 학생증 : 이름, 생년월일, 학교\n- 성적통지표 : 이름, 생년월일, 학교\n- 성적증명서 : 이름, 생년월일, 학교\n- 재학증명서 : 이름, 생년월일, 학교\n[선택] 첨부파일(증빙서류)\n※증빙서류 내 포함된 개인정보\n-봉사활동경력 : 이름, 생년월일\n- 멘토링경험 : 이름, 생년월일\n- 공인영어성적 : 이름, 생년월일, 학교\n-기초생활수급자 수급자증명서: 이름, 생년월일, 주소, 수급자구분, 발행번호\n-차상위계층 확인서 : 이름, 생년월일, 주소, 세대주성명, 세대주와의 관계\n-한부모가족 증명서 : 이름, 생년월일, 주소, 세대주성명, 세대주와의 관계\n-장애인 복지카드: 이름, 주민등록번호(앞자리),장애유형 및 등급, 주소\n-장애인증명서: 이름, 주민등록번호(앞자리), 주소, 장애종별 및 등급, 장애인등록번호\n\n2) 개인정보처리위탁 > 제 7조 \n\n변경 전\n\n수탁업체\n위탁업무 내용\n개인정보의 보유 및 이용기간\n클로잇㈜\n  EBS통합웹서비스, 초등서비스, 중학서비스, 스페이스공감, 모바일, 공통플랫폼(통합회원관리), 고교강의서비스, 영어채널 서비스, 수학서비스, 소프트웨어학습서비스, 온라인클래스, 교재서비스 시스템 운영, 초등온 서비스 운영, 중학 프리미엄 서비스 운영\n회원탈퇴시\n혹은\n위탁계약\n종료시까지\n\n\n변경 후\n\n수탁업체\n위탁업무 내용\n개인정보의 보유 및 이용기간\n클로잇㈜\n  EBS통합웹서비스, 초등서비스, 중학서비스, 스페이스공감, 모바일, 공통플랫폼(통합회원관리), 고교강의서비스, 영어채널 서비스, 수학서비스, 소프트웨어학습서비스, 온라인클래스, 교재서비스 시스템 운영, 초등온 서비스 운영, 중학 프리미엄 서비스 운영, 화상 튜터링 시스템 운영\n회원탈퇴시\n혹은\n위탁계약\n종료시까지\n\n\n신규 추가\n\n수탁업체\n위탁업무 내용\n개인정보의 보유 및 이용기간\n㈜커넥팅더닷츠\n화상튜터링 서비스 운영\n위탁계약 종료시까지\n\n\n2. 시행일자\n변경된 개인정보처리방침은 2024년 06월 27일부터 효력이 발생됩니다.\n\n\n\n3. 이의제기 및 문의\n변경된 개인정보처리방침 내용에 대한 문의사항이 있으신 경우, EBS고객센터로 연락주시면 친절하게 안내해드리겠습니다.\n※ EBS 고객센터 전화 : 1588-1580\n※ EBS 고객센터 팩스 : 031-901-2361\n※ EBS 고객센터 메일 : helpdesk@ebs.co.kr\n\n\nEBS는 앞으로도 고객님의 개인정보를 보다 안전하게 보호할 것을 약속드리며, 고객 여러분께 더욱 신뢰 받는 서비스로 보답할 수 있도록 최선을 다하겠습니다.\n\n감사합니다.\nEBS 개인정보처리방침 변경 사전 안내\n\n\n안녕하세요. EBS입니다.\n\nEBS 인터넷서비스를 이용해주셔서 감사드리며, 개인정보처리방침 변경에 관한 안내 말씀 드립니다.\nEBS는 고객 여러분의 개인정보를 무엇보다 소중하게 처리하고 있으며, 어떤 사안보다 우선하여 안전하게 관리하고 있습니다.\n고객 여러분께서는 새롭게 바뀐 개인정보처리방침의 변경사항을 확인하시어 서비스 이용에 참고하시기 바랍니다.\n\n\n\n1. 변경 내용 : 화상튜터링 서비스 추가\n\n1) 개인정보처리방침 >제 3조 라항\n\n신규 추가\n\n서비스명\n수집목적\n수집항목\n온라인클래스> 화상튜터링\n화상 튜터링 신청 자격 확인\n[필수] 이름, 생년월일, 성별, 연락처, 주소, 아이디, 이메일, 소속(교육청,학교명, 학과, 지역, 반 등), 출신고등학교, 학부모 이름, 학부모 연락처, 첨부파일(증빙서류)\n※증빙서류 내 포함된 개인정보\n- 재학/휴학증명서 : 이름, 생년월일, 학교, 학과\n- 학생증 : 이름, 생년월일, 학교\n- 성적통지표 : 이름, 생년월일, 학교\n- 성적증명서 : 이름, 생년월일, 학교\n- 재학증명서 : 이름, 생년월일, 학교\n[선택] 첨부파일(증빙서류)\n※증빙서류 내 포함된 개인정보\n-봉사활동경력 : 이름, 생년월일\n- 멘토링경험 : 이름, 생년월일\n- 공인영어성적 : 이름, 생년월일, 학교\n-기초생활수급자 수급자증명서: 이름, 생년월일, 주소, 수급자구분, 발행번호\n-차상위계층 확인서 : 이름, 생년월일, 주소, 세대주성명, 세대주와의 관계\n-한부모가족 증명서 : 이름, 생년월일, 주소, 세대주성명, 세대주와의 관계\n-장애인 복지카드: 이름, 주민등록번호(앞자리),장애유형 및 등급, 주소\n-장애인증명서: 이름, 주민등록번호(앞자리), 주소, 장애종별 및 등급, 장애인등록번호\n\n2) 개인정보처리위탁 > 제 7조 \n\n변경 전\n\n수탁업체\n위탁업무 내용\n개인정보의 보유 및 이용기간\n클로잇㈜\n  EBS통합웹서비스, 초등서비스, 중학서비스, 스페이스공감, 모바일, 공통플랫폼(통합회원관리), 고교강의서비스, 영어채널 서비스, 수학서비스, 소프트웨어학습서비스, 온라인클래스, 교재서비스 시스템 운영, 초등온 서비스 운영, 중학 프리미엄 서비스 운영\n회원탈퇴시\n혹은\n위탁계약\n종료시까지\n\n\n변경 후\n\n수탁업체\n위탁업무 내용\n개인정보의 보유 및 이용기간\n클로잇㈜\n  EBS통합웹서비스, 초등서비스, 중학서비스, 스페이스공감, 모바일, 공통플랫폼(통합회원관리), 고교강의서비스, 영어채널 서비스, 수학서비스, 소프트웨어학습서비스, 온라인클래스, 교재서비스 시스템 운영, 초등온 서비스 운영, 중학 프리미엄 서비스 운영, 화상 튜터링 시스템 운영\n회원탈퇴시\n혹은\n위탁계약\n종료시까지\n\n\n신규 추가\n\n수탁업체\n위탁업무 내용\n개인정보의 보유 및 이용기간\n㈜커넥팅더닷츠\n화상튜터링 서비스 운영\n위탁계약 종료시까지\n\n\n2. 시행일자\n변경된 개인정보처리방침은 2024년 06월 27일부터 효력이 발생됩니다.\n\n\n\n3. 이의제기 및 문의\n변경된 개인정보처리방침 내용에 대한 문의사항이 있으신 경우, EBS고객센터로 연락주시면 친절하게 안내해드리겠습니다.\n※ EBS 고객센터 전화 : 1588-1580\n※ EBS 고객센터 팩스 : 031-901-2361\n※ EBS 고객센터 메일 : helpdesk@ebs.co.kr\n\n\nEBS는 앞으로도 고객님의 개인정보를 보다 안전하게 보호할 것을 약속드리며, 고객 여러분께 더욱 신뢰 받는 서비스로 보답할 수 있도록 최선을 다하겠습니다.\n\n감사합니다.\nEBS 개인정보처리방침 변경 사전 안내\n\n\n안녕하세요. EBS입니다.\n\nEBS 인터넷서비스를 이용해주셔서 감사드리며, 개인정보처리방침 변경에 관한 안내 말씀 드립니다.\nEBS는 고객 여러분의 개인정보를 무엇보다 소중하게 처리하고 있으며, 어떤 사안보다 우선하여 안전하게 관리하고 있습니다.\n고객 여러분께서는 새롭게 바뀐 개인정보처리방침의 변경사항을 확인하시어 서비스 이용에 참고하시기 바랍니다.\n\n\n\n1. 변경 내용 : 화상튜터링 서비스 추가\n\n1) 개인정보처리방침 >제 3조 라항\n\n신규 추가\n\n서비스명\n수집목적\n수집항목\n온라인클래스> 화상튜터링\n화상 튜터링 신청 자격 확인\n[필수] 이름, 생년월일, 성별, 연락처, 주소, 아이디, 이메일, 소속(교육청,학교명, 학과, 지역, 반 등), 출신고등학교, 학부모 이름, 학부모 연락처, 첨부파일(증빙서류)\n※증빙서류 내 포함된 개인정보\n- 재학/휴학증명서 : 이름, 생년월일, 학교, 학과\n- 학생증 : 이름, 생년월일, 학교\n- 성적통지표 : 이름, 생년월일, 학교\n- 성적증명서 : 이름, 생년월일, 학교\n- 재학증명서 : 이름, 생년월일, 학교\n[선택] 첨부파일(증빙서류)\n※증빙서류 내 포함된 개인정보\n-봉사활동경력 : 이름, 생년월일\n- 멘토링경험 : 이름, 생년월일\n- 공인영어성적 : 이름, 생년월일, 학교\n-기초생활수급자 수급자증명서: 이름, 생년월일, 주소, 수급자구분, 발행번호\n-차상위계층 확인서 : 이름, 생년월일, 주소, 세대주성명, 세대주와의 관계\n-한부모가족 증명서 : 이름, 생년월일, 주소, 세대주성명, 세대주와의 관계\n-장애인 복지카드: 이름, 주민등록번호(앞자리),장애유형 및 등급, 주소\n-장애인증명서: 이름, 주민등록번호(앞자리), 주소, 장애종별 및 등급, 장애인등록번호\n\n2) 개인정보처리위탁 > 제 7조 \n\n변경 전\n\n수탁업체\n위탁업무 내용\n개인정보의 보유 및 이용기간\n클로잇㈜\n  EBS통합웹서비스, 초등서비스, 중학서비스, 스페이스공감, 모바일, 공통플랫폼(통합회원관리), 고교강의서비스, 영어채널 서비스, 수학서비스, 소프트웨어학습서비스, 온라인클래스, 교재서비스 시스템 운영, 초등온 서비스 운영, 중학 프리미엄 서비스 운영\n회원탈퇴시\n혹은\n위탁계약\n종료시까지\n\n\n변경 후\n\n수탁업체\n위탁업무 내용\n개인정보의 보유 및 이용기간\n클로잇㈜\n  EBS통합웹서비스, 초등서비스, 중학서비스, 스페이스공감, 모바일, 공통플랫폼(통합회원관리), 고교강의서비스, 영어채널 서비스, 수학서비스, 소프트웨어학습서비스, 온라인클래스, 교재서비스 시스템 운영, 초등온 서비스 운영, 중학 프리미엄 서비스 운영, 화상 튜터링 시스템 운영\n회원탈퇴시\n혹은\n위탁계약\n종료시까지\n\n\n신규 추가\n\n수탁업체\n위탁업무 내용\n개인정보의 보유 및 이용기간\n㈜커넥팅더닷츠\n화상튜터링 서비스 운영\n위탁계약 종료시까지\n\n\n2. 시행일자\n변경된 개인정보처리방침은 2024년 06월 27일부터 효력이 발생됩니다.\n\n\n\n3. 이의제기 및 문의\n변경된 개인정보처리방침 내용에 대한 문의사항이 있으신 경우, EBS고객센터로 연락주시면 친절하게 안내해드리겠습니다.\n※ EBS 고객센터 전화 : 1588-1580\n※ EBS 고객센터 팩스 : 031-901-2361\n※ EBS 고객센터 메일 : helpdesk@ebs.co.kr\n\n\nEBS는 앞으로도 고객님의 개인정보를 보다 안전하게 보호할 것을 약속드리며, 고객 여러분께 더욱 신뢰 받는 서비스로 보답할 수 있도록 최선을 다하겠습니다.\n\n감사합니다.\nEBS 개인정보처리방침 변경 사전 안내\n\n\n안녕하세요. EBS입니다.\n\nEBS 인터넷서비스를 이용해주셔서 감사드리며, 개인정보처리방침 변경에 관한 안내 말씀 드립니다.\nEBS는 고객 여러분의 개인정보를 무엇보다 소중하게 처리하고 있으며, 어떤 사안보다 우선하여 안전하게 관리하고 있습니다.\n고객 여러분께서는 새롭게 바뀐 개인정보처리방침의 변경사항을 확인하시어 서비스 이용에 참고하시기 바랍니다.\n\n\n\n1. 변경 내용 : 화상튜터링 서비스 추가\n\n1) 개인정보처리방침 >제 3조 라항\n\n신규 추가\n\n서비스명\n수집목적\n수집항목\n온라인클래스> 화상튜터링\n화상 튜터링 신청 자격 확인\n[필수] 이름, 생년월일, 성별, 연락처, 주소, 아이디, 이메일, 소속(교육청,학교명, 학과, 지역, 반 등), 출신고등학교, 학부모 이름, 학부모 연락처, 첨부파일(증빙서류)\n※증빙서류 내 포함된 개인정보\n- 재학/휴학증명서 : 이름, 생년월일, 학교, 학과\n- 학생증 : 이름, 생년월일, 학교\n- 성적통지표 : 이름, 생년월일, 학교\n- 성적증명서 : 이름, 생년월일, 학교\n- 재학증명서 : 이름, 생년월일, 학교\n[선택] 첨부파일(증빙서류)\n※증빙서류 내 포함된 개인정보\n-봉사활동경력 : 이름, 생년월일\n- 멘토링경험 : 이름, 생년월일\n- 공인영어성적 : 이름, 생년월일, 학교\n-기초생활수급자 수급자증명서: 이름, 생년월일, 주소, 수급자구분, 발행번호\n-차상위계층 확인서 : 이름, 생년월일, 주소, 세대주성명, 세대주와의 관계\n-한부모가족 증명서 : 이름, 생년월일, 주소, 세대주성명, 세대주와의 관계\n-장애인 복지카드: 이름, 주민등록번호(앞자리),장애유형 및 등급, 주소\n-장애인증명서: 이름, 주민등록번호(앞자리), 주소, 장애종별 및 등급, 장애인등록번호\n\n2) 개인정보처리위탁 > 제 7조 \n\n변경 전\n\n수탁업체\n위탁업무 내용\n개인정보의 보유 및 이용기간\n클로잇㈜\n  EBS통합웹서비스, 초등서비스, 중학서비스, 스페이스공감, 모바일, 공통플랫폼(통합회원관리), 고교강의서비스, 영어채널 서비스, 수학서비스, 소프트웨어학습서비스, 온라인클래스, 교재서비스 시스템 운영, 초등온 서비스 운영, 중학 프리미엄 서비스 운영\n회원탈퇴시\n혹은\n위탁계약\n종료시까지\n\n\n변경 후\n\n수탁업체\n위탁업무 내용\n개인정보의 보유 및 이용기간\n클로잇㈜\n  EBS통합웹서비스, 초등서비스, 중학서비스, 스페이스공감, 모바일, 공통플랫폼(통합회원관리), 고교강의서비스, 영어채널 서비스, 수학서비스, 소프트웨어학습서비스, 온라인클래스, 교재서비스 시스템 운영, 초등온 서비스 운영, 중학 프리미엄 서비스 운영, 화상 튜터링 시스템 운영\n회원탈퇴시\n혹은\n위탁계약\n종료시까지\n\n\n신규 추가\n\n수탁업체\n위탁업무 내용\n개인정보의 보유 및 이용기간\n㈜커넥팅더닷츠\n화상튜터링 서비스 운영\n위탁계약 종료시까지\n\n\n2. 시행일자\n변경된 개인정보처리방침은 2024년 06월 27일부터 효력이 발생됩니다.\n\n\n\n3. 이의제기 및 문의\n변경된 개인정보처리방침 내용에 대한 문의사항이 있으신 경우, EBS고객센터로 연락주시면 친절하게 안내해드리겠습니다.\n※ EBS 고객센터 전화 : 1588-1580\n※ EBS 고객센터 팩스 : 031-901-2361\n※ EBS 고객센터 메일 : helpdesk@ebs.co.kr\n\n\nEBS는 앞으로도 고객님의 개인정보를 보다 안전하게 보호할 것을 약속드리며, 고객 여러분께 더욱 신뢰 받는 서비스로 보답할 수 있도록 최선을 다하겠습니다.\n\n감사합니다.\nEBS 개인정보처리방침 변경 사전 안내\n\n\n안녕하세요. EBS입니다.\n\nEBS 인터넷서비스를 이용해주셔서 감사드리며, 개인정보처리방침 변경에 관한 안내 말씀 드립니다.\nEBS는 고객 여러분의 개인정보를 무엇보다 소중하게 처리하고 있으며, 어떤 사안보다 우선하여 안전하게 관리하고 있습니다.\n고객 여러분께서는 새롭게 바뀐 개인정보처리방침의 변경사항을 확인하시어 서비스 이용에 참고하시기 바랍니다.\n\n\n\n1. 변경 내용 : 화상튜터링 서비스 추가\n\n1) 개인정보처리방침 >제 3조 라항\n\n신규 추가\n\n서비스명\n수집목적\n수집항목\n온라인클래스> 화상튜터링\n화상 튜터링 신청 자격 확인\n[필수] 이름, 생년월일, 성별, 연락처, 주소, 아이디, 이메일, 소속(교육청,학교명, 학과, 지역, 반 등), 출신고등학교, 학부모 이름, 학부모 연락처, 첨부파일(증빙서류)\n※증빙서류 내 포함된 개인정보\n- 재학/휴학증명서 : 이름, 생년월일, 학교, 학과\n- 학생증 : 이름, 생년월일, 학교\n- 성적통지표 : 이름, 생년월일, 학교\n- 성적증명서 : 이름, 생년월일, 학교\n- 재학증명서 : 이름, 생년월일, 학교\n[선택] 첨부파일(증빙서류)\n※증빙서류 내 포함된 개인정보\n-봉사활동경력 : 이름, 생년월일\n- 멘토링경험 : 이름, 생년월일\n- 공인영어성적 : 이름, 생년월일, 학교\n-기초생활수급자 수급자증명서: 이름, 생년월일, 주소, 수급자구분, 발행번호\n-차상위계층 확인서 : 이름, 생년월일, 주소, 세대주성명, 세대주와의 관계\n-한부모가족 증명서 : 이름, 생년월일, 주소, 세대주성명, 세대주와의 관계\n-장애인 복지카드: 이름, 주민등록번호(앞자리),장애유형 및 등급, 주소\n-장애인증명서: 이름, 주민등록번호(앞자리), 주소, 장애종별 및 등급, 장애인등록번호\n\n2) 개인정보처리위탁 > 제 7조 \n\n변경 전\n\n수탁업체\n위탁업무 내용\n개인정보의 보유 및 이용기간\n클로잇㈜\n  EBS통합웹서비스, 초등서비스, 중학서비스, 스페이스공감, 모바일, 공통플랫폼(통합회원관리), 고교강의서비스, 영어채널 서비스, 수학서비스, 소프트웨어학습서비스, 온라인클래스, 교재서비스 시스템 운영, 초등온 서비스 운영, 중학 프리미엄 서비스 운영\n회원탈퇴시\n혹은\n위탁계약\n종료시까지\n\n\n변경 후\n\n수탁업체\n위탁업무 내용\n개인정보의 보유 및 이용기간\n클로잇㈜\n  EBS통합웹서비스, 초등서비스, 중학서비스, 스페이스공감, 모바일, 공통플랫폼(통합회원관리), 고교강의서비스, 영어채널 서비스, 수학서비스, 소프트웨어학습서비스, 온라인클래스, 교재서비스 시스템 운영, 초등온 서비스 운영, 중학 프리미엄 서비스 운영, 화상 튜터링 시스템 운영\n회원탈퇴시\n혹은\n위탁계약\n종료시까지\n\n\n신규 추가\n\n수탁업체\n위탁업무 내용\n개인정보의 보유 및 이용기간\n㈜커넥팅더닷츠\n화상튜터링 서비스 운영\n위탁계약 종료시까지\n\n\n2. 시행일자\n변경된 개인정보처리방침은 2024년 06월 27일부터 효력이 발생됩니다.\n\n\n\n3. 이의제기 및 문의\n변경된 개인정보처리방침 내용에 대한 문의사항이 있으신 경우, EBS고객센터로 연락주시면 친절하게 안내해드리겠습니다.\n※ EBS 고객센터 전화 : 1588-1580\n※ EBS 고객센터 팩스 : 031-901-2361\n※ EBS 고객센터 메일 : helpdesk@ebs.co.kr\n\n\nEBS는 앞으로도 고객님의 개인정보를 보다 안전하게 보호할 것을 약속드리며, 고객 여러분께 더욱 신뢰 받는 서비스로 보답할 수 있도록 최선을 다하겠습니다.\n\n감사합니다.\nEBS 개인정보처리방침 변경 사전 안내\n\n\n안녕하세요. EBS입니다.\n\nEBS 인터넷서비스를 이용해주셔서 감사드리며, 개인정보처리방침 변경에 관한 안내 말씀 드립니다.\nEBS는 고객 여러분의 개인정보를 무엇보다 소중하게 처리하고 있으며, 어떤 사안보다 우선하여 안전하게 관리하고 있습니다.\n고객 여러분께서는 새롭게 바뀐 개인정보처리방침의 변경사항을 확인하시어 서비스 이용에 참고하시기 바랍니다.\n\n\n\n1. 변경 내용 : 화상튜터링 서비스 추가\n\n1) 개인정보처리방침 >제 3조 라항\n\n신규 추가\n\n서비스명\n수집목적\n수집항목\n온라인클래스> 화상튜터링\n화상 튜터링 신청 자격 확인\n[필수] 이름, 생년월일, 성별, 연락처, 주소, 아이디, 이메일, 소속(교육청,학교명, 학과, 지역, 반 등), 출신고등학교, 학부모 이름, 학부모 연락처, 첨부파일(증빙서류)\n※증빙서류 내 포함된 개인정보\n- 재학/휴학증명서 : 이름, 생년월일, 학교, 학과\n- 학생증 : 이름, 생년월일, 학교\n- 성적통지표 : 이름, 생년월일, 학교\n- 성적증명서 : 이름, 생년월일, 학교\n- 재학증명서 : 이름, 생년월일, 학교\n[선택] 첨부파일(증빙서류)\n※증빙서류 내 포함된 개인정보\n-봉사활동경력 : 이름, 생년월일\n- 멘토링경험 : 이름, 생년월일\n- 공인영어성적 : 이름, 생년월일, 학교\n-기초생활수급자 수급자증명서: 이름, 생년월일, 주소, 수급자구분, 발행번호\n-차상위계층 확인서 : 이름, 생년월일, 주소, 세대주성명, 세대주와의 관계\n-한부모가족 증명서 : 이름, 생년월일, 주소, 세대주성명, 세대주와의 관계\n-장애인 복지카드: 이름, 주민등록번호(앞자리),장애유형 및 등급, 주소\n-장애인증명서: 이름, 주민등록번호(앞자리), 주소, 장애종별 및 등급, 장애인등록번호\n\n2) 개인정보처리위탁 > 제 7조 \n\n변경 전\n\n수탁업체\n위탁업무 내용\n개인정보의 보유 및 이용기간\n클로잇㈜\n  EBS통합웹서비스, 초등서비스, 중학서비스, 스페이스공감, 모바일, 공통플랫폼(통합회원관리), 고교강의서비스, 영어채널 서비스, 수학서비스, 소프트웨어학습서비스, 온라인클래스, 교재서비스 시스템 운영, 초등온 서비스 운영, 중학 프리미엄 서비스 운영\n회원탈퇴시\n혹은\n위탁계약\n종료시까지\n\n\n변경 후\n\n수탁업체\n위탁업무 내용\n개인정보의 보유 및 이용기간\n클로잇㈜\n  EBS통합웹서비스, 초등서비스, 중학서비스, 스페이스공감, 모바일, 공통플랫폼(통합회원관리), 고교강의서비스, 영어채널 서비스, 수학서비스, 소프트웨어학습서비스, 온라인클래스, 교재서비스 시스템 운영, 초등온 서비스 운영, 중학 프리미엄 서비스 운영, 화상 튜터링 시스템 운영\n회원탈퇴시\n혹은\n위탁계약\n종료시까지\n\n\n신규 추가\n\n수탁업체\n위탁업무 내용\n개인정보의 보유 및 이용기간\n㈜커넥팅더닷츠\n화상튜터링 서비스 운영\n위탁계약 종료시까지\n\n\n2. 시행일자\n변경된 개인정보처리방침은 2024년 06월 27일부터 효력이 발생됩니다.\n\n\n\n3. 이의제기 및 문의\n변경된 개인정보처리방침 내용에 대한 문의사항이 있으신 경우, EBS고객센터로 연락주시면 친절하게 안내해드리겠습니다.\n※ EBS 고객센터 전화 : 1588-1580\n※ EBS 고객센터 팩스 : 031-901-2361\n※ EBS 고객센터 메일 : helpdesk@ebs.co.kr\n\n\nEBS는 앞으로도 고객님의 개인정보를 보다 안전하게 보호할 것을 약속드리며, 고객 여러분께 더욱 신뢰 받는 서비스로 보답할 수 있도록 최선을 다하겠습니다.\n\n감사합니다.\nEBS 개인정보처리방침 변경 사전 안내\n\n\n안녕하세요. EBS입니다.\n\nEBS 인터넷서비스를 이용해주셔서 감사드리며, 개인정보처리방침 변경에 관한 안내 말씀 드립니다.\nEBS는 고객 여러분의 개인정보를 무엇보다 소중하게 처리하고 있으며, 어떤 사안보다 우선하여 안전하게 관리하고 있습니다.\n고객 여러분께서는 새롭게 바뀐 개인정보처리방침의 변경사항을 확인하시어 서비스 이용에 참고하시기 바랍니다.\n\n\n\n1. 변경 내용 : 화상튜터링 서비스 추가\n\n1) 개인정보처리방침 >제 3조 라항\n\n신규 추가\n\n서비스명\n수집목적\n수집항목\n온라인클래스> 화상튜터링\n화상 튜터링 신청 자격 확인\n[필수] 이름, 생년월일, 성별, 연락처, 주소, 아이디, 이메일, 소속(교육청,학교명, 학과, 지역, 반 등), 출신고등학교, 학부모 이름, 학부모 연락처, 첨부파일(증빙서류)\n※증빙서류 내 포함된 개인정보\n- 재학/휴학증명서 : 이름, 생년월일, 학교, 학과\n- 학생증 : 이름, 생년월일, 학교\n- 성적통지표 : 이름, 생년월일, 학교\n- 성적증명서 : 이름, 생년월일, 학교\n- 재학증명서 : 이름, 생년월일, 학교\n[선택] 첨부파일(증빙서류)\n※증빙서류 내 포함된 개인정보\n-봉사활동경력 : 이름, 생년월일\n- 멘토링경험 : 이름, 생년월일\n- 공인영어성적 : 이름, 생년월일, 학교\n-기초생활수급자 수급자증명서: 이름, 생년월일, 주소, 수급자구분, 발행번호\n-차상위계층 확인서 : 이름, 생년월일, 주소, 세대주성명, 세대주와의 관계\n-한부모가족 증명서 : 이름, 생년월일, 주소, 세대주성명, 세대주와의 관계\n-장애인 복지카드: 이름, 주민등록번호(앞자리),장애유형 및 등급, 주소\n-장애인증명서: 이름, 주민등록번호(앞자리), 주소, 장애종별 및 등급, 장애인등록번호\n\n2) 개인정보처리위탁 > 제 7조 \n\n변경 전\n\n수탁업체\n위탁업무 내용\n개인정보의 보유 및 이용기간\n클로잇㈜\n  EBS통합웹서비스, 초등서비스, 중학서비스, 스페이스공감, 모바일, 공통플랫폼(통합회원관리), 고교강의서비스, 영어채널 서비스, 수학서비스, 소프트웨어학습서비스, 온라인클래스, 교재서비스 시스템 운영, 초등온 서비스 운영, 중학 프리미엄 서비스 운영\n회원탈퇴시\n혹은\n위탁계약\n종료시까지\n\n\n변경 후\n\n수탁업체\n위탁업무 내용\n개인정보의 보유 및 이용기간\n클로잇㈜\n  EBS통합웹서비스, 초등서비스, 중학서비스, 스페이스공감, 모바일, 공통플랫폼(통합회원관리), 고교강의서비스, 영어채널 서비스, 수학서비스, 소프트웨어학습서비스, 온라인클래스, 교재서비스 시스템 운영, 초등온 서비스 운영, 중학 프리미엄 서비스 운영, 화상 튜터링 시스템 운영\n회원탈퇴시\n혹은\n위탁계약\n종료시까지\n\n\n신규 추가\n\n수탁업체\n위탁업무 내용\n개인정보의 보유 및 이용기간\n㈜커넥팅더닷츠\n화상튜터링 서비스 운영\n위탁계약 종료시까지\n\n\n2. 시행일자\n변경된 개인정보처리방침은 2024년 06월 27일부터 효력이 발생됩니다.\n\n\n\n3. 이의제기 및 문의\n변경된 개인정보처리방침 내용에 대한 문의사항이 있으신 경우, EBS고객센터로 연락주시면 친절하게 안내해드리겠습니다.\n※ EBS 고객센터 전화 : 1588-1580\n※ EBS 고객센터 팩스 : 031-901-2361\n※ EBS 고객센터 메일 : helpdesk@ebs.co.kr\n\n\nEBS는 앞으로도 고객님의 개인정보를 보다 안전하게 보호할 것을 약속드리며, 고객 여러분께 더욱 신뢰 받는 서비스로 보답할 수 있도록 최선을 다하겠습니다.\n\n감사합니다.\nEBS 개인정보처리방침 변경 사전 안내\n\n\n안녕하세요. EBS입니다.\n\nEBS 인터넷서비스를 이용해주셔서 감사드리며, 개인정보처리방침 변경에 관한 안내 말씀 드립니다.\nEBS는 고객 여러분의 개인정보를 무엇보다 소중하게 처리하고 있으며, 어떤 사안보다 우선하여 안전하게 관리하고 있습니다.\n고객 여러분께서는 새롭게 바뀐 개인정보처리방침의 변경사항을 확인하시어 서비스 이용에 참고하시기 바랍니다.\n\n\n\n1. 변경 내용 : 화상튜터링 서비스 추가\n\n1) 개인정보처리방침 >제 3조 라항\n\n신규 추가\n\n서비스명\n수집목적\n수집항목\n온라인클래스> 화상튜터링\n화상 튜터링 신청 자격 확인\n[필수] 이름, 생년월일, 성별, 연락처, 주소, 아이디, 이메일, 소속(교육청,학교명, 학과, 지역, 반 등), 출신고등학교, 학부모 이름, 학부모 연락처, 첨부파일(증빙서류)\n※증빙서류 내 포함된 개인정보\n- 재학/휴학증명서 : 이름, 생년월일, 학교, 학과\n- 학생증 : 이름, 생년월일, 학교\n- 성적통지표 : 이름, 생년월일, 학교\n- 성적증명서 : 이름, 생년월일, 학교\n- 재학증명서 : 이름, 생년월일, 학교\n[선택] 첨부파일(증빙서류)\n※증빙서류 내 포함된 개인정보\n-봉사활동경력 : 이름, 생년월일\n- 멘토링경험 : 이름, 생년월일\n- 공인영어성적 : 이름, 생년월일, 학교\n-기초생활수급자 수급자증명서: 이름, 생년월일, 주소, 수급자구분, 발행번호\n-차상위계층 확인서 : 이름, 생년월일, 주소, 세대주성명, 세대주와의 관계\n-한부모가족 증명서 : 이름, 생년월일, 주소, 세대주성명, 세대주와의 관계\n-장애인 복지카드: 이름, 주민등록번호(앞자리),장애유형 및 등급, 주소\n-장애인증명서: 이름, 주민등록번호(앞자리), 주소, 장애종별 및 등급, 장애인등록번호\n\n2) 개인정보처리위탁 > 제 7조 \n\n변경 전\n\n수탁업체\n위탁업무 내용\n개인정보의 보유 및 이용기간\n클로잇㈜\n  EBS통합웹서비스, 초등서비스, 중학서비스, 스페이스공감, 모바일, 공통플랫폼(통합회원관리), 고교강의서비스, 영어채널 서비스, 수학서비스, 소프트웨어학습서비스, 온라인클래스, 교재서비스 시스템 운영, 초등온 서비스 운영, 중학 프리미엄 서비스 운영\n회원탈퇴시\n혹은\n위탁계약\n종료시까지\n\n\n변경 후\n\n수탁업체\n위탁업무 내용\n개인정보의 보유 및 이용기간\n클로잇㈜\n  EBS통합웹서비스, 초등서비스, 중학서비스, 스페이스공감, 모바일, 공통플랫폼(통합회원관리), 고교강의서비스, 영어채널 서비스, 수학서비스, 소프트웨어학습서비스, 온라인클래스, 교재서비스 시스템 운영, 초등온 서비스 운영, 중학 프리미엄 서비스 운영, 화상 튜터링 시스템 운영\n회원탈퇴시\n혹은\n위탁계약\n종료시까지\n\n\n신규 추가\n\n수탁업체\n위탁업무 내용\n개인정보의 보유 및 이용기간\n㈜커넥팅더닷츠\n화상튜터링 서비스 운영\n위탁계약 종료시까지\n\n\n2. 시행일자\n변경된 개인정보처리방침은 2024년 06월 27일부터 효력이 발생됩니다.\n\n\n\n3. 이의제기 및 문의\n변경된 개인정보처리방침 내용에 대한 문의사항이 있으신 경우, EBS고객센터로 연락주시면 친절하게 안내해드리겠습니다.\n※ EBS 고객센터 전화 : 1588-1580\n※ EBS 고객센터 팩스 : 031-901-2361\n※ EBS 고객센터 메일 : helpdesk@ebs.co.kr\n\n\nEBS는 앞으로도 고객님의 개인정보를 보다 안전하게 보호할 것을 약속드리며, 고객 여러분께 더욱 신뢰 받는 서비스로 보답할 수 있도록 최선을 다하겠습니다.\n\n감사합니다.\nEBS 개인정보처리방침 변경 사전 안내\n\n\n안녕하세요. EBS입니다.\n\nEBS 인터넷서비스를 이용해주셔서 감사드리며, 개인정보처리방침 변경에 관한 안내 말씀 드립니다.\nEBS는 고객 여러분의 개인정보를 무엇보다 소중하게 처리하고 있으며, 어떤 사안보다 우선하여 안전하게 관리하고 있습니다.\n고객 여러분께서는 새롭게 바뀐 개인정보처리방침의 변경사항을 확인하시어 서비스 이용에 참고하시기 바랍니다.\n\n\n\n1. 변경 내용 : 화상튜터링 서비스 추가\n\n1) 개인정보처리방침 >제 3조 라항\n\n신규 추가\n\n서비스명\n수집목적\n수집항목\n온라인클래스> 화상튜터링\n화상 튜터링 신청 자격 확인\n[필수] 이름, 생년월일, 성별, 연락처, 주소, 아이디, 이메일, 소속(교육청,학교명, 학과, 지역, 반 등), 출신고등학교, 학부모 이름, 학부모 연락처, 첨부파일(증빙서류)\n※증빙서류 내 포함된 개인정보\n- 재학/휴학증명서 : 이름, 생년월일, 학교, 학과\n- 학생증 : 이름, 생년월일, 학교\n- 성적통지표 : 이름, 생년월일, 학교\n- 성적증명서 : 이름, 생년월일, 학교\n- 재학증명서 : 이름, 생년월일, 학교\n[선택] 첨부파일(증빙서류)\n※증빙서류 내 포함된 개인정보\n-봉사활동경력 : 이름, 생년월일\n- 멘토링경험 : 이름, 생년월일\n- 공인영어성적 : 이름, 생년월일, 학교\n-기초생활수급자 수급자증명서: 이름, 생년월일, 주소, 수급자구분, 발행번호\n-차상위계층 확인서 : 이름, 생년월일, 주소, 세대주성명, 세대주와의 관계\n-한부모가족 증명서 : 이름, 생년월일, 주소, 세대주성명, 세대주와의 관계\n-장애인 복지카드: 이름, 주민등록번호(앞자리),장애유형 및 등급, 주소\n-장애인증명서: 이름, 주민등록번호(앞자리), 주소, 장애종별 및 등급, 장애인등록번호\n\n2) 개인정보처리위탁 > 제 7조 \n\n변경 전\n\n수탁업체\n위탁업무 내용\n개인정보의 보유 및 이용기간\n클로잇㈜\n  EBS통합웹서비스, 초등서비스, 중학서비스, 스페이스공감, 모바일, 공통플랫폼(통합회원관리), 고교강의서비스, 영어채널 서비스, 수학서비스, 소프트웨어학습서비스, 온라인클래스, 교재서비스 시스템 운영, 초등온 서비스 운영, 중학 프리미엄 서비스 운영\n회원탈퇴시\n혹은\n위탁계약\n종료시까지\n\n\n변경 후\n\n수탁업체\n위탁업무 내용\n개인정보의 보유 및 이용기간\n클로잇㈜\n  EBS통합웹서비스, 초등서비스, 중학서비스, 스페이스공감, 모바일, 공통플랫폼(통합회원관리), 고교강의서비스, 영어채널 서비스, 수학서비스, 소프트웨어학습서비스, 온라인클래스, 교재서비스 시스템 운영, 초등온 서비스 운영, 중학 프리미엄 서비스 운영, 화상 튜터링 시스템 운영\n회원탈퇴시\n혹은\n위탁계약\n종료시까지\n\n\n신규 추가\n\n수탁업체\n위탁업무 내용\n개인정보의 보유 및 이용기간\n㈜커넥팅더닷츠\n화상튜터링 서비스 운영\n위탁계약 종료시까지\n\n\n2. 시행일자\n변경된 개인정보처리방침은 2024년 06월 27일부터 효력이 발생됩니다.\n\n\n\n3. 이의제기 및 문의\n변경된 개인정보처리방침 내용에 대한 문의사항이 있으신 경우, EBS고객센터로 연락주시면 친절하게 안내해드리겠습니다.\n※ EBS 고객센터 전화 : 1588-1580\n※ EBS 고객센터 팩스 : 031-901-2361\n※ EBS 고객센터 메일 : helpdesk@ebs.co.kr\n\n\nEBS는 앞으로도 고객님의 개인정보를 보다 안전하게 보호할 것을 약속드리며, 고객 여러분께 더욱 신뢰 받는 서비스로 보답할 수 있도록 최선을 다하겠습니다.\n\n감사합니다.\nEBS 개인정보처리방침 변경 사전 안내\n\n\n안녕하세요. EBS입니다.\n\nEBS 인터넷서비스를 이용해주셔서 감사드리며, 개인정보처리방침 변경에 관한 안내 말씀 드립니다.\nEBS는 고객 여러분의 개인정보를 무엇보다 소중하게 처리하고 있으며, 어떤 사안보다 우선하여 안전하게 관리하고 있습니다.\n고객 여러분께서는 새롭게 바뀐 개인정보처리방침의 변경사항을 확인하시어 서비스 이용에 참고하시기 바랍니다.\n\n\n\n1. 변경 내용 : 화상튜터링 서비스 추가\n\n1) 개인정보처리방침 >제 3조 라항\n\n신규 추가\n\n서비스명\n수집목적\n수집항목\n온라인클래스> 화상튜터링\n화상 튜터링 신청 자격 확인\n[필수] 이름, 생년월일, 성별, 연락처, 주소, 아이디, 이메일, 소속(교육청,학교명, 학과, 지역, 반 등), 출신고등학교, 학부모 이름, 학부모 연락처, 첨부파일(증빙서류)\n※증빙서류 내 포함된 개인정보\n- 재학/휴학증명서 : 이름, 생년월일, 학교, 학과\n- 학생증 : 이름, 생년월일, 학교\n- 성적통지표 : 이름, 생년월일, 학교\n- 성적증명서 : 이름, 생년월일, 학교\n- 재학증명서 : 이름, 생년월일, 학교\n[선택] 첨부파일(증빙서류)\n※증빙서류 내 포함된 개인정보\n-봉사활동경력 : 이름, 생년월일\n- 멘토링경험 : 이름, 생년월일\n- 공인영어성적 : 이름, 생년월일, 학교\n-기초생활수급자 수급자증명서: 이름, 생년월일, 주소, 수급자구분, 발행번호\n-차상위계층 확인서 : 이름, 생년월일, 주소, 세대주성명, 세대주와의 관계\n-한부모가족 증명서 : 이름, 생년월일, 주소, 세대주성명, 세대주와의 관계\n-장애인 복지카드: 이름, 주민등록번호(앞자리),장애유형 및 등급, 주소\n-장애인증명서: 이름, 주민등록번호(앞자리), 주소, 장애종별 및 등급, 장애인등록번호\n\n2) 개인정보처리위탁 > 제 7조 \n\n변경 전\n\n수탁업체\n위탁업무 내용\n개인정보의 보유 및 이용기간\n클로잇㈜\n  EBS통합웹서비스, 초등서비스, 중학서비스, 스페이스공감, 모바일, 공통플랫폼(통합회원관리), 고교강의서비스, 영어채널 서비스, 수학서비스, 소프트웨어학습서비스, 온라인클래스, 교재서비스 시스템 운영, 초등온 서비스 운영, 중학 프리미엄 서비스 운영\n회원탈퇴시\n혹은\n위탁계약\n종료시까지\n\n\n변경 후\n\n수탁업체\n위탁업무 내용\n개인정보의 보유 및 이용기간\n클로잇㈜\n  EBS통합웹서비스, 초등서비스, 중학서비스, 스페이스공감, 모바일, 공통플랫폼(통합회원관리), 고교강의서비스, 영어채널 서비스, 수학서비스, 소프트웨어학습서비스, 온라인클래스, 교재서비스 시스템 운영, 초등온 서비스 운영, 중학 프리미엄 서비스 운영, 화상 튜터링 시스템 운영\n회원탈퇴시\n혹은\n위탁계약\n종료시까지\n\n\n신규 추가\n\n수탁업체\n위탁업무 내용\n개인정보의 보유 및 이용기간\n㈜커넥팅더닷츠\n화상튜터링 서비스 운영\n위탁계약 종료시까지\n\n\n2. 시행일자\n변경된 개인정보처리방침은 2024년 06월 27일부터 효력이 발생됩니다.\n\n\n\n3. 이의제기 및 문의\n변경된 개인정보처리방침 내용에 대한 문의사항이 있으신 경우, EBS고객센터로 연락주시면 친절하게 안내해드리겠습니다.\n※ EBS 고객센터 전화 : 1588-1580\n※ EBS 고객센터 팩스 : 031-901-2361\n※ EBS 고객센터 메일 : helpdesk@ebs.co.kr\n\n\nEBS는 앞으로도 고객님의 개인정보를 보다 안전하게 보호할 것을 약속드리며, 고객 여러분께 더욱 신뢰 받는 서비스로 보답할 수 있도록 최선을 다하겠습니다.\n\n감사합니다.\nEBS 개인정보처리방침 변경 사전 안내\n\n\n안녕하세요. EBS입니다.\n\nEBS 인터넷서비스를 이용해주셔서 감사드리며, 개인정보처리방침 변경에 관한 안내 말씀 드립니다.\nEBS는 고객 여러분의 개인정보를 무엇보다 소중하게 처리하고 있으며, 어떤 사안보다 우선하여 안전하게 관리하고 있습니다.\n고객 여러분께서는 새롭게 바뀐 개인정보처리방침의 변경사항을 확인하시어 서비스 이용에 참고하시기 바랍니다.\n\n\n\n1. 변경 내용 : 화상튜터링 서비스 추가\n\n1) 개인정보처리방침 >제 3조 라항\n\n신규 추가\n\n서비스명\n수집목적\n수집항목\n온라인클래스> 화상튜터링\n화상 튜터링 신청 자격 확인\n[필수] 이름, 생년월일, 성별, 연락처, 주소, 아이디, 이메일, 소속(교육청,학교명, 학과, 지역, 반 등), 출신고등학교, 학부모 이름, 학부모 연락처, 첨부파일(증빙서류)\n※증빙서류 내 포함된 개인정보\n- 재학/휴학증명서 : 이름, 생년월일, 학교, 학과\n- 학생증 : 이름, 생년월일, 학교\n- 성적통지표 : 이름, 생년월일, 학교\n- 성적증명서 : 이름, 생년월일, 학교\n- 재학증명서 : 이름, 생년월일, 학교\n[선택] 첨부파일(증빙서류)\n※증빙서류 내 포함된 개인정보\n-봉사활동경력 : 이름, 생년월일\n- 멘토링경험 : 이름, 생년월일\n- 공인영어성적 : 이름, 생년월일, 학교\n-기초생활수급자 수급자증명서: 이름, 생년월일, 주소, 수급자구분, 발행번호\n-차상위계층 확인서 : 이름, 생년월일, 주소, 세대주성명, 세대주와의 관계\n-한부모가족 증명서 : 이름, 생년월일, 주소, 세대주성명, 세대주와의 관계\n-장애인 복지카드: 이름, 주민등록번호(앞자리),장애유형 및 등급, 주소\n-장애인증명서: 이름, 주민등록번호(앞자리), 주소, 장애종별 및 등급, 장애인등록번호\n\n2) 개인정보처리위탁 > 제 7조 \n\n변경 전\n\n수탁업체\n위탁업무 내용\n개인정보의 보유 및 이용기간\n클로잇㈜\n  EBS통합웹서비스, 초등서비스, 중학서비스, 스페이스공감, 모바일, 공통플랫폼(통합회원관리), 고교강의서비스, 영어채널 서비스, 수학서비스, 소프트웨어학습서비스, 온라인클래스, 교재서비스 시스템 운영, 초등온 서비스 운영, 중학 프리미엄 서비스 운영\n회원탈퇴시\n혹은\n위탁계약\n종료시까지\n\n\n변경 후\n\n수탁업체\n위탁업무 내용\n개인정보의 보유 및 이용기간\n클로잇㈜\n  EBS통합웹서비스, 초등서비스, 중학서비스, 스페이스공감, 모바일, 공통플랫폼(통합회원관리), 고교강의서비스, 영어채널 서비스, 수학서비스, 소프트웨어학습서비스, 온라인클래스, 교재서비스 시스템 운영, 초등온 서비스 운영, 중학 프리미엄 서비스 운영, 화상 튜터링 시스템 운영\n회원탈퇴시\n혹은\n위탁계약\n종료시까지\n\n\n신규 추가\n\n수탁업체\n위탁업무 내용\n개인정보의 보유 및 이용기간\n㈜커넥팅더닷츠\n화상튜터링 서비스 운영\n위탁계약 종료시까지\n\n\n2. 시행일자\n변경된 개인정보처리방침은 2024년 06월 27일부터 효력이 발생됩니다.\n\n\n\n3. 이의제기 및 문의\n변경된 개인정보처리방침 내용에 대한 문의사항이 있으신 경우, EBS고객센터로 연락주시면 친절하게 안내해드리겠습니다.\n※ EBS 고객센터 전화 : 1588-1580\n※ EBS 고객센터 팩스 : 031-901-2361\n※ EBS 고객센터 메일 : helpdesk@ebs.co.kr\n\n\nEBS는 앞으로도 고객님의 개인정보를 보다 안전하게 보호할 것을 약속드리며, 고객 여러분께 더욱 신뢰 받는 서비스로 보답할 수 있도록 최선을 다하겠습니다.\n\n감사합니다.\nEBS 개인정보처리방침 변경 사전 안내\n\n\n안녕하세요. EBS입니다.\n\nEBS 인터넷서비스를 이용해주셔서 감사드리며, 개인정보처리방침 변경에 관한 안내 말씀 드립니다.\nEBS는 고객 여러분의 개인정보를 무엇보다 소중하게 처리하고 있으며, 어떤 사안보다 우선하여 안전하게 관리하고 있습니다.\n고객 여러분께서는 새롭게 바뀐 개인정보처리방침의 변경사항을 확인하시어 서비스 이용에 참고하시기 바랍니다.\n\n\n\n1. 변경 내용 : 화상튜터링 서비스 추가\n\n1) 개인정보처리방침 >제 3조 라항\n\n신규 추가\n\n서비스명\n수집목적\n수집항목\n온라인클래스> 화상튜터링\n화상 튜터링 신청 자격 확인\n[필수] 이름, 생년월일, 성별, 연락처, 주소, 아이디, 이메일, 소속(교육청,학교명, 학과, 지역, 반 등), 출신고등학교, 학부모 이름, 학부모 연락처, 첨부파일(증빙서류)\n※증빙서류 내 포함된 개인정보\n- 재학/휴학증명서 : 이름, 생년월일, 학교, 학과\n- 학생증 : 이름, 생년월일, 학교\n- 성적통지표 : 이름, 생년월일, 학교\n- 성적증명서 : 이름, 생년월일, 학교\n- 재학증명서 : 이름, 생년월일, 학교\n[선택] 첨부파일(증빙서류)\n※증빙서류 내 포함된 개인정보\n-봉사활동경력 : 이름, 생년월일\n- 멘토링경험 : 이름, 생년월일\n- 공인영어성적 : 이름, 생년월일, 학교\n-기초생활수급자 수급자증명서: 이름, 생년월일, 주소, 수급자구분, 발행번호\n-차상위계층 확인서 : 이름, 생년월일, 주소, 세대주성명, 세대주와의 관계\n-한부모가족 증명서 : 이름, 생년월일, 주소, 세대주성명, 세대주와의 관계\n-장애인 복지카드: 이름, 주민등록번호(앞자리),장애유형 및 등급, 주소\n-장애인증명서: 이름, 주민등록번호(앞자리), 주소, 장애종별 및 등급, 장애인등록번호\n\n2) 개인정보처리위탁 > 제 7조 \n\n변경 전\n\n수탁업체\n위탁업무 내용\n개인정보의 보유 및 이용기간\n클로잇㈜\n  EBS통합웹서비스, 초등서비스, 중학서비스, 스페이스공감, 모바일, 공통플랫폼(통합회원관리), 고교강의서비스, 영어채널 서비스, 수학서비스, 소프트웨어학습서비스, 온라인클래스, 교재서비스 시스템 운영, 초등온 서비스 운영, 중학 프리미엄 서비스 운영\n회원탈퇴시\n혹은\n위탁계약\n종료시까지\n\n\n변경 후\n\n수탁업체\n위탁업무 내용\n개인정보의 보유 및 이용기간\n클로잇㈜\n  EBS통합웹서비스, 초등서비스, 중학서비스, 스페이스공감, 모바일, 공통플랫폼(통합회원관리), 고교강의서비스, 영어채널 서비스, 수학서비스, 소프트웨어학습서비스, 온라인클래스, 교재서비스 시스템 운영, 초등온 서비스 운영, 중학 프리미엄 서비스 운영, 화상 튜터링 시스템 운영\n회원탈퇴시\n혹은\n위탁계약\n종료시까지\n\n\n신규 추가\n\n수탁업체\n위탁업무 내용\n개인정보의 보유 및 이용기간\n㈜커넥팅더닷츠\n화상튜터링 서비스 운영\n위탁계약 종료시까지\n\n\n2. 시행일자\n변경된 개인정보처리방침은 2024년 06월 27일부터 효력이 발생됩니다.\n\n\n\n3. 이의제기 및 문의\n변경된 개인정보처리방침 내용에 대한 문의사항이 있으신 경우, EBS고객센터로 연락주시면 친절하게 안내해드리겠습니다.\n※ EBS 고객센터 전화 : 1588-1580\n※ EBS 고객센터 팩스 : 031-901-2361\n※ EBS 고객센터 메일 : helpdesk@ebs.co.kr\n\n\nEBS는 앞으로도 고객님의 개인정보를 보다 안전하게 보호할 것을 약속드리며, 고객 여러분께 더욱 신뢰 받는 서비스로 보답할 수 있도록 최선을 다하겠습니다.\n\n감사합니다.\nEBS 개인정보처리방침 변경 사전 안내\n\n\n안녕하세요. EBS입니다.\n\nEBS 인터넷서비스를 이용해주셔서 감사드리며, 개인정보처리방침 변경에 관한 안내 말씀 드립니다.\nEBS는 고객 여러분의 개인정보를 무엇보다 소중하게 처리하고 있으며, 어떤 사안보다 우선하여 안전하게 관리하고 있습니다.\n고객 여러분께서는 새롭게 바뀐 개인정보처리방침의 변경사항을 확인하시어 서비스 이용에 참고하시기 바랍니다.\n\n\n\n1. 변경 내용 : 화상튜터링 서비스 추가\n\n1) 개인정보처리방침 >제 3조 라항\n\n신규 추가\n\n서비스명\n수집목적\n수집항목\n온라인클래스> 화상튜터링\n화상 튜터링 신청 자격 확인\n[필수] 이름, 생년월일, 성별, 연락처, 주소, 아이디, 이메일, 소속(교육청,학교명, 학과, 지역, 반 등), 출신고등학교, 학부모 이름, 학부모 연락처, 첨부파일(증빙서류)\n※증빙서류 내 포함된 개인정보\n- 재학/휴학증명서 : 이름, 생년월일, 학교, 학과\n- 학생증 : 이름, 생년월일, 학교\n- 성적통지표 : 이름, 생년월일, 학교\n- 성적증명서 : 이름, 생년월일, 학교\n- 재학증명서 : 이름, 생년월일, 학교\n[선택] 첨부파일(증빙서류)\n※증빙서류 내 포함된 개인정보\n-봉사활동경력 : 이름, 생년월일\n- 멘토링경험 : 이름, 생년월일\n- 공인영어성적 : 이름, 생년월일, 학교\n-기초생활수급자 수급자증명서: 이름, 생년월일, 주소, 수급자구분, 발행번호\n-차상위계층 확인서 : 이름, 생년월일, 주소, 세대주성명, 세대주와의 관계\n-한부모가족 증명서 : 이름, 생년월일, 주소, 세대주성명, 세대주와의 관계\n-장애인 복지카드: 이름, 주민등록번호(앞자리),장애유형 및 등급, 주소\n-장애인증명서: 이름, 주민등록번호(앞자리), 주소, 장애종별 및 등급, 장애인등록번호\n\n2) 개인정보처리위탁 > 제 7조 \n\n변경 전\n\n수탁업체\n위탁업무 내용\n개인정보의 보유 및 이용기간\n클로잇㈜\n  EBS통합웹서비스, 초등서비스, 중학서비스, 스페이스공감, 모바일, 공통플랫폼(통합회원관리), 고교강의서비스, 영어채널 서비스, 수학서비스, 소프트웨어학습서비스, 온라인클래스, 교재서비스 시스템 운영, 초등온 서비스 운영, 중학 프리미엄 서비스 운영\n회원탈퇴시\n혹은\n위탁계약\n종료시까지\n\n\n변경 후\n\n수탁업체\n위탁업무 내용\n개인정보의 보유 및 이용기간\n클로잇㈜\n  EBS통합웹서비스, 초등서비스, 중학서비스, 스페이스공감, 모바일, 공통플랫폼(통합회원관리), 고교강의서비스, 영어채널 서비스, 수학서비스, 소프트웨어학습서비스, 온라인클래스, 교재서비스 시스템 운영, 초등온 서비스 운영, 중학 프리미엄 서비스 운영, 화상 튜터링 시스템 운영\n회원탈퇴시\n혹은\n위탁계약\n종료시까지\n\n\n신규 추가\n\n수탁업체\n위탁업무 내용\n개인정보의 보유 및 이용기간\n㈜커넥팅더닷츠\n화상튜터링 서비스 운영\n위탁계약 종료시까지\n\n\n2. 시행일자\n변경된 개인정보처리방침은 2024년 06월 27일부터 효력이 발생됩니다.\n\n\n\n3. 이의제기 및 문의\n변경된 개인정보처리방침 내용에 대한 문의사항이 있으신 경우, EBS고객센터로 연락주시면 친절하게 안내해드리겠습니다.\n※ EBS 고객센터 전화 : 1588-1580\n※ EBS 고객센터 팩스 : 031-901-2361\n※ EBS 고객센터 메일 : helpdesk@ebs.co.kr\n\n\nEBS는 앞으로도 고객님의 개인정보를 보다 안전하게 보호할 것을 약속드리며, 고객 여러분께 더욱 신뢰 받는 서비스로 보답할 수 있도록 최선을 다하겠습니다.\n\n감사합니다.\nEBS 개인정보처리방침 변경 사전 안내\n\n\n안녕하세요. EBS입니다.\n\nEBS 인터넷서비스를 이용해주셔서 감사드리며, 개인정보처리방침 변경에 관한 안내 말씀 드립니다.\nEBS는 고객 여러분의 개인정보를 무엇보다 소중하게 처리하고 있으며, 어떤 사안보다 우선하여 안전하게 관리하고 있습니다.\n고객 여러분께서는 새롭게 바뀐 개인정보처리방침의 변경사항을 확인하시어 서비스 이용에 참고하시기 바랍니다.\n\n\n\n1. 변경 내용 : 화상튜터링 서비스 추가\n\n1) 개인정보처리방침 >제 3조 라항\n\n신규 추가\n\n서비스명\n수집목적\n수집항목\n온라인클래스> 화상튜터링\n화상 튜터링 신청 자격 확인\n[필수] 이름, 생년월일, 성별, 연락처, 주소, 아이디, 이메일, 소속(교육청,학교명, 학과, 지역, 반 등), 출신고등학교, 학부모 이름, 학부모 연락처, 첨부파일(증빙서류)\n※증빙서류 내 포함된 개인정보\n- 재학/휴학증명서 : 이름, 생년월일, 학교, 학과\n- 학생증 : 이름, 생년월일, 학교\n- 성적통지표 : 이름, 생년월일, 학교\n- 성적증명서 : 이름, 생년월일, 학교\n- 재학증명서 : 이름, 생년월일, 학교\n[선택] 첨부파일(증빙서류)\n※증빙서류 내 포함된 개인정보\n-봉사활동경력 : 이름, 생년월일\n- 멘토링경험 : 이름, 생년월일\n- 공인영어성적 : 이름, 생년월일, 학교\n-기초생활수급자 수급자증명서: 이름, 생년월일, 주소, 수급자구분, 발행번호\n-차상위계층 확인서 : 이름, 생년월일, 주소, 세대주성명, 세대주와의 관계\n-한부모가족 증명서 : 이름, 생년월일, 주소, 세대주성명, 세대주와의 관계\n-장애인 복지카드: 이름, 주민등록번호(앞자리),장애유형 및 등급, 주소\n-장애인증명서: 이름, 주민등록번호(앞자리), 주소, 장애종별 및 등급, 장애인등록번호\n\n2) 개인정보처리위탁 > 제 7조 \n\n변경 전\n\n수탁업체\n위탁업무 내용\n개인정보의 보유 및 이용기간\n클로잇㈜\n  EBS통합웹서비스, 초등서비스, 중학서비스, 스페이스공감, 모바일, 공통플랫폼(통합회원관리), 고교강의서비스, 영어채널 서비스, 수학서비스, 소프트웨어학습서비스, 온라인클래스, 교재서비스 시스템 운영, 초등온 서비스 운영, 중학 프리미엄 서비스 운영\n회원탈퇴시\n혹은\n위탁계약\n종료시까지\n\n\n변경 후\n\n수탁업체\n위탁업무 내용\n개인정보의 보유 및 이용기간\n클로잇㈜\n  EBS통합웹서비스, 초등서비스, 중학서비스, 스페이스공감, 모바일, 공통플랫폼(통합회원관리), 고교강의서비스, 영어채널 서비스, 수학서비스, 소프트웨어학습서비스, 온라인클래스, 교재서비스 시스템 운영, 초등온 서비스 운영, 중학 프리미엄 서비스 운영, 화상 튜터링 시스템 운영\n회원탈퇴시\n혹은\n위탁계약\n종료시까지\n\n\n신규 추가\n\n수탁업체\n위탁업무 내용\n개인정보의 보유 및 이용기간\n㈜커넥팅더닷츠\n화상튜터링 서비스 운영\n위탁계약 종료시까지\n\n\n2. 시행일자\n변경된 개인정보처리방침은 2024년 06월 27일부터 효력이 발생됩니다.\n\n\n\n3. 이의제기 및 문의\n변경된 개인정보처리방침 내용에 대한 문의사항이 있으신 경우, EBS고객센터로 연락주시면 친절하게 안내해드리겠습니다.\n※ EBS 고객센터 전화 : 1588-1580\n※ EBS 고객센터 팩스 : 031-901-2361\n※ EBS 고객센터 메일 : helpdesk@ebs.co.kr\n\n\nEBS는 앞으로도 고객님의 개인정보를 보다 안전하게 보호할 것을 약속드리며, 고객 여러분께 더욱 신뢰 받는 서비스로 보답할 수 있도록 최선을 다하겠습니다.\n\n감사합니다.\nEBS 개인정보처리방침 변경 사전 안내\n\n\n안녕하세요. EBS입니다.\n\nEBS 인터넷서비스를 이용해주셔서 감사드리며, 개인정보처리방침 변경에 관한 안내 말씀 드립니다.\nEBS는 고객 여러분의 개인정보를 무엇보다 소중하게 처리하고 있으며, 어떤 사안보다 우선하여 안전하게 관리하고 있습니다.\n고객 여러분께서는 새롭게 바뀐 개인정보처리방침의 변경사항을 확인하시어 서비스 이용에 참고하시기 바랍니다.\n\n\n\n1. 변경 내용 : 화상튜터링 서비스 추가\n\n1) 개인정보처리방침 >제 3조 라항\n\n신규 추가\n\n서비스명\n수집목적\n수집항목\n온라인클래스> 화상튜터링\n화상 튜터링 신청 자격 확인\n[필수] 이름, 생년월일, 성별, 연락처, 주소, 아이디, 이메일, 소속(교육청,학교명, 학과, 지역, 반 등), 출신고등학교, 학부모 이름, 학부모 연락처, 첨부파일(증빙서류)\n※증빙서류 내 포함된 개인정보\n- 재학/휴학증명서 : 이름, 생년월일, 학교, 학과\n- 학생증 : 이름, 생년월일, 학교\n- 성적통지표 : 이름, 생년월일, 학교\n- 성적증명서 : 이름, 생년월일, 학교\n- 재학증명서 : 이름, 생년월일, 학교\n[선택] 첨부파일(증빙서류)\n※증빙서류 내 포함된 개인정보\n-봉사활동경력 : 이름, 생년월일\n- 멘토링경험 : 이름, 생년월일\n- 공인영어성적 : 이름, 생년월일, 학교\n-기초생활수급자 수급자증명서: 이름, 생년월일, 주소, 수급자구분, 발행번호\n-차상위계층 확인서 : 이름, 생년월일, 주소, 세대주성명, 세대주와의 관계\n-한부모가족 증명서 : 이름, 생년월일, 주소, 세대주성명, 세대주와의 관계\n-장애인 복지카드: 이름, 주민등록번호(앞자리),장애유형 및 등급, 주소\n-장애인증명서: 이름, 주민등록번호(앞자리), 주소, 장애종별 및 등급, 장애인등록번호\n\n2) 개인정보처리위탁 > 제 7조 \n\n변경 전\n\n수탁업체\n위탁업무 내용\n개인정보의 보유 및 이용기간\n클로잇㈜\n  EBS통합웹서비스, 초등서비스, 중학서비스, 스페이스공감, 모바일, 공통플랫폼(통합회원관리), 고교강의서비스, 영어채널 서비스, 수학서비스, 소프트웨어학습서비스, 온라인클래스, 교재서비스 시스템 운영, 초등온 서비스 운영, 중학 프리미엄 서비스 운영\n회원탈퇴시\n혹은\n위탁계약\n종료시까지\n\n\n변경 후\n\n수탁업체\n위탁업무 내용\n개인정보의 보유 및 이용기간\n클로잇㈜\n  EBS통합웹서비스, 초등서비스, 중학서비스, 스페이스공감, 모바일, 공통플랫폼(통합회원관리), 고교강의서비스, 영어채널 서비스, 수학서비스, 소프트웨어학습서비스, 온라인클래스, 교재서비스 시스템 운영, 초등온 서비스 운영, 중학 프리미엄 서비스 운영, 화상 튜터링 시스템 운영\n회원탈퇴시\n혹은\n위탁계약\n종료시까지\n\n\n신규 추가\n\n수탁업체\n위탁업무 내용\n개인정보의 보유 및 이용기간\n㈜커넥팅더닷츠\n화상튜터링 서비스 운영\n위탁계약 종료시까지\n\n\n2. 시행일자\n변경된 개인정보처리방침은 2024년 06월 27일부터 효력이 발생됩니다.\n\n\n\n3. 이의제기 및 문의\n변경된 개인정보처리방침 내용에 대한 문의사항이 있으신 경우, EBS고객센터로 연락주시면 친절하게 안내해드리겠습니다.\n※ EBS 고객센터 전화 : 1588-1580\n※ EBS 고객센터 팩스 : 031-901-2361\n※ EBS 고객센터 메일 : helpdesk@ebs.co.kr\n\n\nEBS는 앞으로도 고객님의 개인정보를 보다 안전하게 보호할 것을 약속드리며, 고객 여러분께 더욱 신뢰 받는 서비스로 보답할 수 있도록 최선을 다하겠습니다.\n\n감사합니다.\nEBS 개인정보처리방침 변경 사전 안내\n\n\n안녕하세요. EBS입니다.\n\nEBS 인터넷서비스를 이용해주셔서 감사드리며, 개인정보처리방침 변경에 관한 안내 말씀 드립니다.\nEBS는 고객 여러분의 개인정보를 무엇보다 소중하게 처리하고 있으며, 어떤 사안보다 우선하여 안전하게 관리하고 있습니다.\n고객 여러분께서는 새롭게 바뀐 개인정보처리방침의 변경사항을 확인하시어 서비스 이용에 참고하시기 바랍니다.\n\n\n\n1. 변경 내용 : 화상튜터링 서비스 추가\n\n1) 개인정보처리방침 >제 3조 라항\n\n신규 추가\n\n서비스명\n수집목적\n수집항목\n온라인클래스> 화상튜터링\n화상 튜터링 신청 자격 확인\n[필수] 이름, 생년월일, 성별, 연락처, 주소, 아이디, 이메일, 소속(교육청,학교명, 학과, 지역, 반 등), 출신고등학교, 학부모 이름, 학부모 연락처, 첨부파일(증빙서류)\n※증빙서류 내 포함된 개인정보\n- 재학/휴학증명서 : 이름, 생년월일, 학교, 학과\n- 학생증 : 이름, 생년월일, 학교\n- 성적통지표 : 이름, 생년월일, 학교\n- 성적증명서 : 이름, 생년월일, 학교\n- 재학증명서 : 이름, 생년월일, 학교\n[선택] 첨부파일(증빙서류)\n※증빙서류 내 포함된 개인정보\n-봉사활동경력 : 이름, 생년월일\n- 멘토링경험 : 이름, 생년월일\n- 공인영어성적 : 이름, 생년월일, 학교\n-기초생활수급자 수급자증명서: 이름, 생년월일, 주소, 수급자구분, 발행번호\n-차상위계층 확인서 : 이름, 생년월일, 주소, 세대주성명, 세대주와의 관계\n-한부모가족 증명서 : 이름, 생년월일, 주소, 세대주성명, 세대주와의 관계\n-장애인 복지카드: 이름, 주민등록번호(앞자리),장애유형 및 등급, 주소\n-장애인증명서: 이름, 주민등록번호(앞자리), 주소, 장애종별 및 등급, 장애인등록번호\n\n2) 개인정보처리위탁 > 제 7조 \n\n변경 전\n\n수탁업체\n위탁업무 내용\n개인정보의 보유 및 이용기간\n클로잇㈜\n  EBS통합웹서비스, 초등서비스, 중학서비스, 스페이스공감, 모바일, 공통플랫폼(통합회원관리), 고교강의서비스, 영어채널 서비스, 수학서비스, 소프트웨어학습서비스, 온라인클래스, 교재서비스 시스템 운영, 초등온 서비스 운영, 중학 프리미엄 서비스 운영\n회원탈퇴시\n혹은\n위탁계약\n종료시까지\n\n\n변경 후\n\n수탁업체\n위탁업무 내용\n개인정보의 보유 및 이용기간\n클로잇㈜\n  EBS통합웹서비스, 초등서비스, 중학서비스, 스페이스공감, 모바일, 공통플랫폼(통합회원관리), 고교강의서비스, 영어채널 서비스, 수학서비스, 소프트웨어학습서비스, 온라인클래스, 교재서비스 시스템 운영, 초등온 서비스 운영, 중학 프리미엄 서비스 운영, 화상 튜터링 시스템 운영\n회원탈퇴시\n혹은\n위탁계약\n종료시까지\n\n\n신규 추가\n\n수탁업체\n위탁업무 내용\n개인정보의 보유 및 이용기간\n㈜커넥팅더닷츠\n화상튜터링 서비스 운영\n위탁계약 종료시까지\n\n\n2. 시행일자\n변경된 개인정보처리방침은 2024년 06월 27일부터 효력이 발생됩니다.\n\n\n\n3. 이의제기 및 문의\n변경된 개인정보처리방침 내용에 대한 문의사항이 있으신 경우, EBS고객센터로 연락주시면 친절하게 안내해드리겠습니다.\n※ EBS 고객센터 전화 : 1588-1580\n※ EBS 고객센터 팩스 : 031-901-2361\n※ EBS 고객센터 메일 : helpdesk@ebs.co.kr\n\n\nEBS는 앞으로도 고객님의 개인정보를 보다 안전하게 보호할 것을 약속드리며, 고객 여러분께 더욱 신뢰 받는 서비스로 보답할 수 있도록 최선을 다하겠습니다.\n\n감사합니다.\nEBS 개인정보처리방침 변경 사전 안내\n\n\n안녕하세요. EBS입니다.\n\nEBS 인터넷서비스를 이용해주셔서 감사드리며, 개인정보처리방침 변경에 관한 안내 말씀 드립니다.\nEBS는 고객 여러분의 개인정보를 무엇보다 소중하게 처리하고 있으며, 어떤 사안보다 우선하여 안전하게 관리하고 있습니다.\n고객 여러분께서는 새롭게 바뀐 개인정보처리방침의 변경사항을 확인하시어 서비스 이용에 참고하시기 바랍니다.\n\n\n\n1. 변경 내용 : 화상튜터링 서비스 추가\n\n1) 개인정보처리방침 >제 3조 라항\n\n신규 추가\n\n서비스명\n수집목적\n수집항목\n온라인클래스> 화상튜터링\n화상 튜터링 신청 자격 확인\n[필수] 이름, 생년월일, 성별, 연락처, 주소, 아이디, 이메일, 소속(교육청,학교명, 학과, 지역, 반 등), 출신고등학교, 학부모 이름, 학부모 연락처, 첨부파일(증빙서류)\n※증빙서류 내 포함된 개인정보\n- 재학/휴학증명서 : 이름, 생년월일, 학교, 학과\n- 학생증 : 이름, 생년월일, 학교\n- 성적통지표 : 이름, 생년월일, 학교\n- 성적증명서 : 이름, 생년월일, 학교\n- 재학증명서 : 이름, 생년월일, 학교\n[선택] 첨부파일(증빙서류)\n※증빙서류 내 포함된 개인정보\n-봉사활동경력 : 이름, 생년월일\n- 멘토링경험 : 이름, 생년월일\n- 공인영어성적 : 이름, 생년월일, 학교\n-기초생활수급자 수급자증명서: 이름, 생년월일, 주소, 수급자구분, 발행번호\n-차상위계층 확인서 : 이름, 생년월일, 주소, 세대주성명, 세대주와의 관계\n-한부모가족 증명서 : 이름, 생년월일, 주소, 세대주성명, 세대주와의 관계\n-장애인 복지카드: 이름, 주민등록번호(앞자리),장애유형 및 등급, 주소\n-장애인증명서: 이름, 주민등록번호(앞자리), 주소, 장애종별 및 등급, 장애인등록번호\n\n2) 개인정보처리위탁 > 제 7조 \n\n변경 전\n\n수탁업체\n위탁업무 내용\n개인정보의 보유 및 이용기간\n클로잇㈜\n  EBS통합웹서비스, 초등서비스, 중학서비스, 스페이스공감, 모바일, 공통플랫폼(통합회원관리), 고교강의서비스, 영어채널 서비스, 수학서비스, 소프트웨어학습서비스, 온라인클래스, 교재서비스 시스템 운영, 초등온 서비스 운영, 중학 프리미엄 서비스 운영\n회원탈퇴시\n혹은\n위탁계약\n종료시까지\n\n\n변경 후\n\n수탁업체\n위탁업무 내용\n개인정보의 보유 및 이용기간\n클로잇㈜\n  EBS통합웹서비스, 초등서비스, 중학서비스, 스페이스공감, 모바일, 공통플랫폼(통합회원관리), 고교강의서비스, 영어채널 서비스, 수학서비스, 소프트웨어학습서비스, 온라인클래스, 교재서비스 시스템 운영, 초등온 서비스 운영, 중학 프리미엄 서비스 운영, 화상 튜터링 시스템 운영\n회원탈퇴시\n혹은\n위탁계약\n종료시까지\n\n\n신규 추가\n\n수탁업체\n위탁업무 내용\n개인정보의 보유 및 이용기간\n㈜커넥팅더닷츠\n화상튜터링 서비스 운영\n위탁계약 종료시까지\n\n\n2. 시행일자\n변경된 개인정보처리방침은 2024년 06월 27일부터 효력이 발생됩니다.\n\n\n\n3. 이의제기 및 문의\n변경된 개인정보처리방침 내용에 대한 문의사항이 있으신 경우, EBS고객센터로 연락주시면 친절하게 안내해드리겠습니다.\n※ EBS 고객센터 전화 : 1588-1580\n※ EBS 고객센터 팩스 : 031-901-2361\n※ EBS 고객센터 메일 : helpdesk@ebs.co.kr\n\n\nEBS는 앞으로도 고객님의 개인정보를 보다 안전하게 보호할 것을 약속드리며, 고객 여러분께 더욱 신뢰 받는 서비스로 보답할 수 있도록 최선을 다하겠습니다.\n\n감사합니다.\nEBS 개인정보처리방침 변경 사전 안내\n\n\n안녕하세요. EBS입니다.\n\nEBS 인터넷서비스를 이용해주셔서 감사드리며, 개인정보처리방침 변경에 관한 안내 말씀 드립니다.\nEBS는 고객 여러분의 개인정보를 무엇보다 소중하게 처리하고 있으며, 어떤 사안보다 우선하여 안전하게 관리하고 있습니다.\n고객 여러분께서는 새롭게 바뀐 개인정보처리방침의 변경사항을 확인하시어 서비스 이용에 참고하시기 바랍니다.\n\n\n\n1. 변경 내용 : 화상튜터링 서비스 추가\n\n1) 개인정보처리방침 >제 3조 라항\n\n신규 추가\n\n서비스명\n수집목적\n수집항목\n온라인클래스> 화상튜터링\n화상 튜터링 신청 자격 확인\n[필수] 이름, 생년월일, 성별, 연락처, 주소, 아이디, 이메일, 소속(교육청,학교명, 학과, 지역, 반 등), 출신고등학교, 학부모 이름, 학부모 연락처, 첨부파일(증빙서류)\n※증빙서류 내 포함된 개인정보\n- 재학/휴학증명서 : 이름, 생년월일, 학교, 학과\n- 학생증 : 이름, 생년월일, 학교\n- 성적통지표 : 이름, 생년월일, 학교\n- 성적증명서 : 이름, 생년월일, 학교\n- 재학증명서 : 이름, 생년월일, 학교\n[선택] 첨부파일(증빙서류)\n※증빙서류 내 포함된 개인정보\n-봉사활동경력 : 이름, 생년월일\n- 멘토링경험 : 이름, 생년월일\n- 공인영어성적 : 이름, 생년월일, 학교\n-기초생활수급자 수급자증명서: 이름, 생년월일, 주소, 수급자구분, 발행번호\n-차상위계층 확인서 : 이름, 생년월일, 주소, 세대주성명, 세대주와의 관계\n-한부모가족 증명서 : 이름, 생년월일, 주소, 세대주성명, 세대주와의 관계\n-장애인 복지카드: 이름, 주민등록번호(앞자리),장애유형 및 등급, 주소\n-장애인증명서: 이름, 주민등록번호(앞자리), 주소, 장애종별 및 등급, 장애인등록번호\n\n2) 개인정보처리위탁 > 제 7조 \n\n변경 전\n\n수탁업체\n위탁업무 내용\n개인정보의 보유 및 이용기간\n클로잇㈜\n  EBS통합웹서비스, 초등서비스, 중학서비스, 스페이스공감, 모바일, 공통플랫폼(통합회원관리), 고교강의서비스, 영어채널 서비스, 수학서비스, 소프트웨어학습서비스, 온라인클래스, 교재서비스 시스템 운영, 초등온 서비스 운영, 중학 프리미엄 서비스 운영\n회원탈퇴시\n혹은\n위탁계약\n종료시까지\n\n\n변경 후\n\n수탁업체\n위탁업무 내용\n개인정보의 보유 및 이용기간\n클로잇㈜\n  EBS통합웹서비스, 초등서비스, 중학서비스, 스페이스공감, 모바일, 공통플랫폼(통합회원관리), 고교강의서비스, 영어채널 서비스, 수학서비스, 소프트웨어학습서비스, 온라인클래스, 교재서비스 시스템 운영, 초등온 서비스 운영, 중학 프리미엄 서비스 운영, 화상 튜터링 시스템 운영\n회원탈퇴시\n혹은\n위탁계약\n종료시까지\n\n\n신규 추가\n\n수탁업체\n위탁업무 내용\n개인정보의 보유 및 이용기간\n㈜커넥팅더닷츠\n화상튜터링 서비스 운영\n위탁계약 종료시까지\n\n\n2. 시행일자\n변경된 개인정보처리방침은 2024년 06월 27일부터 효력이 발생됩니다.\n\n\n\n3. 이의제기 및 문의\n변경된 개인정보처리방침 내용에 대한 문의사항이 있으신 경우, EBS고객센터로 연락주시면 친절하게 안내해드리겠습니다.\n※ EBS 고객센터 전화 : 1588-1580\n※ EBS 고객센터 팩스 : 031-901-2361\n※ EBS 고객센터 메일 : helpdesk@ebs.co.kr\n\n\nEBS는 앞으로도 고객님의 개인정보를 보다 안전하게 보호할 것을 약속드리며, 고객 여러분께 더욱 신뢰 받는 서비스로 보답할 수 있도록 최선을 다하겠습니다.\n\n감사합니다.\nEBS 개인정보처리방침 변경 사전 안내\n\n\n안녕하세요. EBS입니다.\n\nEBS 인터넷서비스를 이용해주셔서 감사드리며, 개인정보처리방침 변경에 관한 안내 말씀 드립니다.\nEBS는 고객 여러분의 개인정보를 무엇보다 소중하게 처리하고 있으며, 어떤 사안보다 우선하여 안전하게 관리하고 있습니다.\n고객 여러분께서는 새롭게 바뀐 개인정보처리방침의 변경사항을 확인하시어 서비스 이용에 참고하시기 바랍니다.\n\n\n\n1. 변경 내용 : 화상튜터링 서비스 추가\n\n1) 개인정보처리방침 >제 3조 라항\n\n신규 추가\n\n서비스명\n수집목적\n수집항목\n온라인클래스> 화상튜터링\n화상 튜터링 신청 자격 확인\n[필수] 이름, 생년월일, 성별, 연락처, 주소, 아이디, 이메일, 소속(교육청,학교명, 학과, 지역, 반 등), 출신고등학교, 학부모 이름, 학부모 연락처, 첨부파일(증빙서류)\n※증빙서류 내 포함된 개인정보\n- 재학/휴학증명서 : 이름, 생년월일, 학교, 학과\n- 학생증 : 이름, 생년월일, 학교\n- 성적통지표 : 이름, 생년월일, 학교\n- 성적증명서 : 이름, 생년월일, 학교\n- 재학증명서 : 이름, 생년월일, 학교\n[선택] 첨부파일(증빙서류)\n※증빙서류 내 포함된 개인정보\n-봉사활동경력 : 이름, 생년월일\n- 멘토링경험 : 이름, 생년월일\n- 공인영어성적 : 이름, 생년월일, 학교\n-기초생활수급자 수급자증명서: 이름, 생년월일, 주소, 수급자구분, 발행번호\n-차상위계층 확인서 : 이름, 생년월일, 주소, 세대주성명, 세대주와의 관계\n-한부모가족 증명서 : 이름, 생년월일, 주소, 세대주성명, 세대주와의 관계\n-장애인 복지카드: 이름, 주민등록번호(앞자리),장애유형 및 등급, 주소\n-장애인증명서: 이름, 주민등록번호(앞자리), 주소, 장애종별 및 등급, 장애인등록번호\n\n2) 개인정보처리위탁 > 제 7조 \n\n변경 전\n\n수탁업체\n위탁업무 내용\n개인정보의 보유 및 이용기간\n클로잇㈜\n  EBS통합웹서비스, 초등서비스, 중학서비스, 스페이스공감, 모바일, 공통플랫폼(통합회원관리), 고교강의서비스, 영어채널 서비스, 수학서비스, 소프트웨어학습서비스, 온라인클래스, 교재서비스 시스템 운영, 초등온 서비스 운영, 중학 프리미엄 서비스 운영\n회원탈퇴시\n혹은\n위탁계약\n종료시까지\n\n\n변경 후\n\n수탁업체\n위탁업무 내용\n개인정보의 보유 및 이용기간\n클로잇㈜\n  EBS통합웹서비스, 초등서비스, 중학서비스, 스페이스공감, 모바일, 공통플랫폼(통합회원관리), 고교강의서비스, 영어채널 서비스, 수학서비스, 소프트웨어학습서비스, 온라인클래스, 교재서비스 시스템 운영, 초등온 서비스 운영, 중학 프리미엄 서비스 운영, 화상 튜터링 시스템 운영\n회원탈퇴시\n혹은\n위탁계약\n종료시까지\n\n\n신규 추가\n\n수탁업체\n위탁업무 내용\n개인정보의 보유 및 이용기간\n㈜커넥팅더닷츠\n화상튜터링 서비스 운영\n위탁계약 종료시까지\n\n\n2. 시행일자\n변경된 개인정보처리방침은 2024년 06월 27일부터 효력이 발생됩니다.\n\n\n\n3. 이의제기 및 문의\n변경된 개인정보처리방침 내용에 대한 문의사항이 있으신 경우, EBS고객센터로 연락주시면 친절하게 안내해드리겠습니다.\n※ EBS 고객센터 전화 : 1588-1580\n※ EBS 고객센터 팩스 : 031-901-2361\n※ EBS 고객센터 메일 : helpdesk@ebs.co.kr\n\n\nEBS는 앞으로도 고객님의 개인정보를 보다 안전하게 보호할 것을 약속드리며, 고객 여러분께 더욱 신뢰 받는 서비스로 보답할 수 있도록 최선을 다하겠습니다.\n\n감사합니다.\nEBS 개인정보처리방침 변경 사전 안내\n\n\n안녕하세요. EBS입니다.\n\nEBS 인터넷서비스를 이용해주셔서 감사드리며, 개인정보처리방침 변경에 관한 안내 말씀 드립니다.\nEBS는 고객 여러분의 개인정보를 무엇보다 소중하게 처리하고 있으며, 어떤 사안보다 우선하여 안전하게 관리하고 있습니다.\n고객 여러분께서는 새롭게 바뀐 개인정보처리방침의 변경사항을 확인하시어 서비스 이용에 참고하시기 바랍니다.\n\n\n\n1. 변경 내용 : 화상튜터링 서비스 추가\n\n1) 개인정보처리방침 >제 3조 라항\n\n신규 추가\n\n서비스명\n수집목적\n수집항목\n온라인클래스> 화상튜터링\n화상 튜터링 신청 자격 확인\n[필수] 이름, 생년월일, 성별, 연락처, 주소, 아이디, 이메일, 소속(교육청,학교명, 학과, 지역, 반 등), 출신고등학교, 학부모 이름, 학부모 연락처, 첨부파일(증빙서류)\n※증빙서류 내 포함된 개인정보\n- 재학/휴학증명서 : 이름, 생년월일, 학교, 학과\n- 학생증 : 이름, 생년월일, 학교\n- 성적통지표 : 이름, 생년월일, 학교\n- 성적증명서 : 이름, 생년월일, 학교\n- 재학증명서 : 이름, 생년월일, 학교\n[선택] 첨부파일(증빙서류)\n※증빙서류 내 포함된 개인정보\n-봉사활동경력 : 이름, 생년월일\n- 멘토링경험 : 이름, 생년월일\n- 공인영어성적 : 이름, 생년월일, 학교\n-기초생활수급자 수급자증명서: 이름, 생년월일, 주소, 수급자구분, 발행번호\n-차상위계층 확인서 : 이름, 생년월일, 주소, 세대주성명, 세대주와의 관계\n-한부모가족 증명서 : 이름, 생년월일, 주소, 세대주성명, 세대주와의 관계\n-장애인 복지카드: 이름, 주민등록번호(앞자리),장애유형 및 등급, 주소\n-장애인증명서: 이름, 주민등록번호(앞자리), 주소, 장애종별 및 등급, 장애인등록번호\n\n2) 개인정보처리위탁 > 제 7조 \n\n변경 전\n\n수탁업체\n위탁업무 내용\n개인정보의 보유 및 이용기간\n클로잇㈜\n  EBS통합웹서비스, 초등서비스, 중학서비스, 스페이스공감, 모바일, 공통플랫폼(통합회원관리), 고교강의서비스, 영어채널 서비스, 수학서비스, 소프트웨어학습서비스, 온라인클래스, 교재서비스 시스템 운영, 초등온 서비스 운영, 중학 프리미엄 서비스 운영\n회원탈퇴시\n혹은\n위탁계약\n종료시까지\n\n\n변경 후\n\n수탁업체\n위탁업무 내용\n개인정보의 보유 및 이용기간\n클로잇㈜\n  EBS통합웹서비스, 초등서비스, 중학서비스, 스페이스공감, 모바일, 공통플랫폼(통합회원관리), 고교강의서비스, 영어채널 서비스, 수학서비스, 소프트웨어학습서비스, 온라인클래스, 교재서비스 시스템 운영, 초등온 서비스 운영, 중학 프리미엄 서비스 운영, 화상 튜터링 시스템 운영\n회원탈퇴시\n혹은\n위탁계약\n종료시까지\n\n\n신규 추가\n\n수탁업체\n위탁업무 내용\n개인정보의 보유 및 이용기간\n㈜커넥팅더닷츠\n화상튜터링 서비스 운영\n위탁계약 종료시까지\n\n\n2. 시행일자\n변경된 개인정보처리방침은 2024년 06월 27일부터 효력이 발생됩니다.\n\n\n\n3. 이의제기 및 문의\n변경된 개인정보처리방침 내용에 대한 문의사항이 있으신 경우, EBS고객센터로 연락주시면 친절하게 안내해드리겠습니다.\n※ EBS 고객센터 전화 : 1588-1580\n※ EBS 고객센터 팩스 : 031-901-2361\n※ EBS 고객센터 메일 : helpdesk@ebs.co.kr\n\n\nEBS는 앞으로도 고객님의 개인정보를 보다 안전하게 보호할 것을 약속드리며, 고객 여러분께 더욱 신뢰 받는 서비스로 보답할 수 있도록 최선을 다하겠습니다.\n\n감사합니다.\nEBS 개인정보처리방침 변경 사전 안내\n\n\n안녕하세요. EBS입니다.\n\nEBS 인터넷서비스를 이용해주셔서 감사드리며, 개인정보처리방침 변경에 관한 안내 말씀 드립니다.\nEBS는 고객 여러분의 개인정보를 무엇보다 소중하게 처리하고 있으며, 어떤 사안보다 우선하여 안전하게 관리하고 있습니다.\n고객 여러분께서는 새롭게 바뀐 개인정보처리방침의 변경사항을 확인하시어 서비스 이용에 참고하시기 바랍니다.\n\n\n\n1. 변경 내용 : 화상튜터링 서비스 추가\n\n1) 개인정보처리방침 >제 3조 라항\n\n신규 추가\n\n서비스명\n수집목적\n수집항목\n온라인클래스> 화상튜터링\n화상 튜터링 신청 자격 확인\n[필수] 이름, 생년월일, 성별, 연락처, 주소, 아이디, 이메일, 소속(교육청,학교명, 학과, 지역, 반 등), 출신고등학교, 학부모 이름, 학부모 연락처, 첨부파일(증빙서류)\n※증빙서류 내 포함된 개인정보\n- 재학/휴학증명서 : 이름, 생년월일, 학교, 학과\n- 학생증 : 이름, 생년월일, 학교\n- 성적통지표 : 이름, 생년월일, 학교\n- 성적증명서 : 이름, 생년월일, 학교\n- 재학증명서 : 이름, 생년월일, 학교\n[선택] 첨부파일(증빙서류)\n※증빙서류 내 포함된 개인정보\n-봉사활동경력 : 이름, 생년월일\n- 멘토링경험 : 이름, 생년월일\n- 공인영어성적 : 이름, 생년월일, 학교\n-기초생활수급자 수급자증명서: 이름, 생년월일, 주소, 수급자구분, 발행번호\n-차상위계층 확인서 : 이름, 생년월일, 주소, 세대주성명, 세대주와의 관계\n-한부모가족 증명서 : 이름, 생년월일, 주소, 세대주성명, 세대주와의 관계\n-장애인 복지카드: 이름, 주민등록번호(앞자리),장애유형 및 등급, 주소\n-장애인증명서: 이름, 주민등록번호(앞자리), 주소, 장애종별 및 등급, 장애인등록번호\n\n2) 개인정보처리위탁 > 제 7조 \n\n변경 전\n\n수탁업체\n위탁업무 내용\n개인정보의 보유 및 이용기간\n클로잇㈜\n  EBS통합웹서비스, 초등서비스, 중학서비스, 스페이스공감, 모바일, 공통플랫폼(통합회원관리), 고교강의서비스, 영어채널 서비스, 수학서비스, 소프트웨어학습서비스, 온라인클래스, 교재서비스 시스템 운영, 초등온 서비스 운영, 중학 프리미엄 서비스 운영\n회원탈퇴시\n혹은\n위탁계약\n종료시까지\n\n\n변경 후\n\n수탁업체\n위탁업무 내용\n개인정보의 보유 및 이용기간\n클로잇㈜\n  EBS통합웹서비스, 초등서비스, 중학서비스, 스페이스공감, 모바일, 공통플랫폼(통합회원관리), 고교강의서비스, 영어채널 서비스, 수학서비스, 소프트웨어학습서비스, 온라인클래스, 교재서비스 시스템 운영, 초등온 서비스 운영, 중학 프리미엄 서비스 운영, 화상 튜터링 시스템 운영\n회원탈퇴시\n혹은\n위탁계약\n종료시까지\n\n\n신규 추가\n\n수탁업체\n위탁업무 내용\n개인정보의 보유 및 이용기간\n㈜커넥팅더닷츠\n화상튜터링 서비스 운영\n위탁계약 종료시까지\n\n\n2. 시행일자\n변경된 개인정보처리방침은 2024년 06월 27일부터 효력이 발생됩니다.\n\n\n\n3. 이의제기 및 문의\n변경된 개인정보처리방침 내용에 대한 문의사항이 있으신 경우, EBS고객센터로 연락주시면 친절하게 안내해드리겠습니다.\n※ EBS 고객센터 전화 : 1588-1580\n※ EBS 고객센터 팩스 : 031-901-2361\n※ EBS 고객센터 메일 : helpdesk@ebs.co.kr\n\n\nEBS는 앞으로도 고객님의 개인정보를 보다 안전하게 보호할 것을 약속드리며, 고객 여러분께 더욱 신뢰 받는 서비스로 보답할 수 있도록 최선을 다하겠습니다.\n\n감사합니다.
긴글 등록 테스트, 2024.07.03, EBS 개인정보처리방침 변경 사전 안내\n\n\n안녕하세요. EBS입니다.\n\nEBS 인터넷서비스를 이용해주셔서 감사드리며, 개인정보처리방침 변경에 관한 안내 말씀 드립니다.\nEBS는 고객 여러분의 개인정보를 무엇보다 소중하게 처리하고 있으며, 어떤 사안보다 우선하여 안전하게 관리하고 있습니다.\n고객 여러분께서는 새롭게 바뀐 개인정보처리방침의 변경사항을 확인하시어 서비스 이용에 참고하시기 바랍니다.\n\n\n\n1. 변경 내용 : 화상튜터링 서비스 추가\n\n1) 개인정보처리방침 >제 3조 라항\n\n신규 추가\n\n서비스명\n수집목적\n수집항목\n온라인클래스> 화상튜터링\n화상 튜터링 신청 자격 확인\n[필수] 이름, 생년월일, 성별, 연락처, 주소, 아이디, 이메일, 소속(교육청,학교명, 학과, 지역, 반 등), 출신고등학교, 학부모 이름, 학부모 연락처, 첨부파일(증빙서류)\n※증빙서류 내 포함된 개인정보\n- 재학/휴학증명서 : 이름, 생년월일, 학교, 학과\n- 학생증 : 이름, 생년월일, 학교\n- 성적통지표 : 이름, 생년월일, 학교\n- 성적증명서 : 이름, 생년월일, 학교\n- 재학증명서 : 이름, 생년월일, 학교\n[선택] 첨부파일(증빙서류)\n※증빙서류 내 포함된 개인정보\n-봉사활동경력 : 이름, 생년월일\n- 멘토링경험 : 이름, 생년월일\n- 공인영어성적 : 이름, 생년월일, 학교\n-기초생활수급자 수급자증명서: 이름, 생년월일, 주소, 수급자구분, 발행번호\n-차상위계층 확인서 : 이름, 생년월일, 주소, 세대주성명, 세대주와의 관계\n-한부모가족 증명서 : 이름, 생년월일, 주소, 세대주성명, 세대주와의 관계\n-장애인 복지카드: 이름, 주민등록번호(앞자리),장애유형 및 등급, 주소\n-장애인증명서: 이름, 주민등록번호(앞자리), 주소, 장애종별 및 등급, 장애인등록번호\n\n2) 개인정보처리위탁 > 제 7조 \n\n변경 전\n\n수탁업체\n위탁업무 내용\n개인정보의 보유 및 이용기간\n클로잇㈜\n  EBS통합웹서비스, 초등서비스, 중학서비스, 스페이스공감, 모바일, 공통플랫폼(통합회원관리), 고교강의서비스, 영어채널 서비스, 수학서비스, 소프트웨어학습서비스, 온라인클래스, 교재서비스 시스템 운영, 초등온 서비스 운영, 중학 프리미엄 서비스 운영\n회원탈퇴시\n혹은\n위탁계약\n종료시까지\n\n\n변경 후\n\n수탁업체\n위탁업무 내용\n개인정보의 보유 및 이용기간\n클로잇㈜\n  EBS통합웹서비스, 초등서비스, 중학서비스, 스페이스공감, 모바일, 공통플랫폼(통합회원관리), 고교강의서비스, 영어채널 서비스, 수학서비스, 소프트웨어학습서비스, 온라인클래스, 교재서비스 시스템 운영, 초등온 서비스 운영, 중학 프리미엄 서비스 운영, 화상 튜터링 시스템 운영\n회원탈퇴시\n혹은\n위탁계약\n종료시까지\n\n\n신규 추가\n\n수탁업체\n위탁업무 내용\n개인정보의 보유 및 이용기간\n㈜커넥팅더닷츠\n화상튜터링 서비스 운영\n위탁계약 종료시까지\n\n\n2. 시행일자\n변경된 개인정보처리방침은 2024년 06월 27일부터 효력이 발생됩니다.\n\n\n\n3. 이의제기 및 문의\n변경된 개인정보처리방침 내용에 대한 문의사항이 있으신 경우, EBS고객센터로 연락주시면 친절하게 안내해드리겠습니다.\n※ EBS 고객센터 전화 : 1588-1580\n※ EBS 고객센터 팩스 : 031-901-2361\n※ EBS 고객센터 메일 : helpdesk@ebs.co.kr\n\n\nEBS는 앞으로도 고객님의 개인정보를 보다 안전하게 보호할 것을 약속드리며, 고객 여러분께 더욱 신뢰 받는 서비스로 보답할 수 있도록 최선을 다하겠습니다.\n\n감사합니다.
테테테1, 2024.07.03, 검색되나
